id,name,"model (C=county, D=district, 1=all-up, 3=thirds, etc.)","type (LC=leader&cabinet, etc.)",total,majority,coalition,con,lab,ld,grn,ukip,pc,snp,dup,sf,uup,sdlp,ali,tuv,pup,ind,vacant,boundary,"ons code","start of records (or creation of council)","end of records (or abolition of council)",url,"last update"
406,"City of London",,,125,IND,IND,0,5,0,0,0,0,0,0,0,0,0,0,0,0,120,0,,E09000001,2016,2030,http://democracy.cityoflondon.gov.uk/mgMemberIndex.aspx?FN=PARTY&VW=LIST&PIC=0,2020-03-01
405,"Isles of Scilly",,,16,IND,IND,0,0,0,0,0,0,0,0,0,0,0,0,0,0,16,0,,E06000053,2016,2030,http://committees.scilly.gov.uk/mgMemberIndex.aspx?bcr=1,2021-06-12
1,"Buckinghamshire CC",C1,LC,0,CON,CON,0,0,0,0,0,0,0,0,0,0,0,0,0,0,0,0,"Merged into Bucks UA in 2020.",,2016,2019,https://democracy.buckscc.gov.uk/mgMemberIndex.aspx?FN=GROUPING&VW=TABLE&PIC=1,2020-03-01
2,Cambridgeshire,C1,LC,61,NOC,LD/LAB/IND,28,9,20,0,0,0,0,0,0,0,0,0,0,0,4,0,,,2016,2030,https://cambridgeshire.cmis.uk.com/ccc_live/Councillors.aspx,2021-06-04
3,Cumbria,C1,LC,84,NOC,LAB/LD,38,26,16,1,0,0,0,0,0,0,0,0,0,0,3,0,"Elections to E&W Cumbria in 2022, CC to be abolished in 2023.",,2016,2023,http://councilportal.cumbria.gov.uk/mgMemberIndex.aspx?FN=PARTY&VW=LIST&PIC=0,2021-09-01
4,Derbyshire,C1,LC,64,CON,CON,45,14,4,1,0,0,0,0,0,0,0,0,0,0,0,0,,,2016,2030,http://www.derbyshire.gov.uk/council/councillors/,2021-04-26
5,Devon,C1,LC,60,CON,CON,39,7,9,2,0,0,0,0,0,0,0,0,0,0,3,0,,,2016,2030,http://democracy.devon.gov.uk/mgMemberIndex.aspx?FN=PARTY&VW=LIST&PIC=0,2021-04-01
7,"East Sussex",C1,LC,50,CON,CON,27,5,11,4,0,0,0,0,0,0,0,0,0,0,3,0,,,2016,2030,https://democracy.eastsussex.gov.uk/mgMemberIndex.aspx?FN=PARTY&VW=LIST&PIC=0,2021-04-01
8,Essex,C1,LC,75,CON,CON,52,5,8,1,0,0,0,0,0,0,0,0,0,0,9,0,,,2016,2030,https://cmis.essex.gov.uk/essexcmis5/Councillors.aspx,2021-04-01
9,Gloucestershire,C1,LC,53,CON,CON,28,5,16,4,0,0,0,0,0,0,0,0,0,0,0,0,,,2016,2030,http://glostext.gloucestershire.gov.uk/mgMemberIndex.aspx?FN=WARD&VW=LIST&PIC=0,2021-04-01
10,Hampshire,C1,LC,78,CON,CON,56,3,17,0,0,0,0,0,0,0,0,0,0,0,2,0,,,2016,2030,http://democracy.hants.gov.uk/mgMemberIndex.aspx?bcr=1,2021-04-02
11,Hertfordshire,C1,LC,78,CON,CON,46,7,23,1,0,0,0,0,0,0,0,0,0,0,1,0,,,2016,2030,https://democracy.hertfordshire.gov.uk/mgMemberIndex.aspx?bcr=1,2021-04-01
12,Kent,C1,LC,81,CON,CON,61,7,6,4,0,0,0,0,0,0,0,0,0,0,2,1,,,2016,2030,https://democracy.kent.gov.uk/mgMemberIndex.aspx?FN=WARD&VW=LIST&PIC=0,2021-10-21
13,Lancashire,C1,LC,84,CON,CON,48,32,2,2,0,0,0,0,0,0,0,0,0,0,0,0,,,2016,2030,http://council.lancashire.gov.uk/mgMemberIndex.aspx?FN=PARTY&VW=TABLE&PIC=1,2021-04-01
14,Leicestershire,C1,LC,55,CON,CON,42,4,9,0,0,0,0,0,0,0,0,0,0,0,0,0,,,2016,2030,http://politics.leics.gov.uk/mgMemberIndex.aspx?FN=PARTY&VW=LIST&PIC=0,2021-04-02
15,Lincolnshire,C1,LC,70,CON,CON,54,4,3,0,0,0,0,0,0,0,0,0,0,0,9,0,,,2016,2030,http://lincolnshire.moderngov.co.uk/mgMemberIndex.aspx?FN=PARTY&VW=LIST&PIC=0,2021-04-01
16,Norfolk,C1,LC,84,CON,CON,57,12,9,3,0,0,0,0,0,0,0,0,0,0,3,0,,,2016,2030,http://norfolkcc.cmis.uk.com/norfolkcc/Councillors/tabid/63/ScreenMode/Alphabetical/Default.aspx,2021-07-30
17,"North Yorkshire",C1,LC,72,CON,CON,52,4,4,0,0,0,0,0,0,0,0,0,0,0,12,0,"Elections to new unitary in 2022, CC to be abolished in 2023.",,2016,2023,https://edemocracy.northyorks.gov.uk/mgMemberIndex.aspx?bcr=1,2021-04-01
18,Northamptonshire,C1,LC,0,CON,CON,0,0,0,0,0,0,0,0,0,0,0,0,0,0,0,0,"Merged into West Northants UA in 2021.",,2016,2020,https://cmis.northamptonshire.gov.uk/cmis5live/Councillors/tabid/62/ScreenMode/Alphabetical/Default.aspx,2021-04-01
19,Nottinghamshire,C1,LC,66,CON,CON,36,15,1,0,0,0,0,0,0,0,0,0,0,0,14,0,,,2016,2030,http://www.nottinghamshire.gov.uk/council-and-democracy/councillors/contact-a-councillor,2021-10-31
20,Oxfordshire,C1,LC,63,NOC,LD/LAB/GRN,21,16,21,3,0,0,0,0,0,0,0,0,0,0,2,0,,,2016,2030,http://mycouncil.oxfordshire.gov.uk/mgMemberIndex.aspx?FN=PARTY&VW=TABLE&PIC=1,2021-08-19
21,Somerset,C1,LC,55,CON,CON,33,3,14,2,0,0,0,0,0,0,0,0,0,0,3,0,"Elections to new unitary in 2022, CC to be abolished in 2023.",,2016,2023,https://democracy.somerset.gov.uk/mgMemberIndex.aspx,2021-10-17
22,Staffordshire,C1,LC,62,CON,CON,57,4,0,0,0,0,0,0,0,0,0,0,0,0,1,0,,,2016,2030,http://moderngov.staffordshire.gov.uk/mgMemberIndex.aspx?FN=PARTY&VW=LIST&PIC=0,2021-04-01
23,Suffolk,C1,LC,75,CON,CON,55,5,4,9,0,0,0,0,0,0,0,0,0,0,2,0,,,2016,2030,http://www.suffolk.gov.uk/council-and-democracy/councillors-and-elected-representatives/find-your-councillor/?ward=&party=&name=&action=SEARCH,2021-04-01
24,Surrey,C1,LC,81,CON,CON,47,2,14,2,0,0,0,0,0,0,0,0,0,0,16,0,,,2016,2030,http://mycouncil.surreycc.gov.uk/mgMemberIndex.aspx?VW=TABLE&PIC1=&FN=,2021-02-16
25,Warwickshire,C1,LC,57,CON,CON,42,6,5,3,0,0,0,0,0,0,0,0,0,0,1,0,,,2016,2030,https://democracy.warwickshire.gov.uk/mgMemberIndex.aspx?FN=WARD&VW=TABLE&PIC=1,2021-08-01
26,"West Sussex",C1,LC,70,CON,CON,47,9,11,1,0,0,0,0,0,0,0,0,0,0,2,0,,,2016,2030,https://www.westsussex.gov.uk/location-directories/find-your-councillor/?Keyword=&Location=&politicalParty=,2021-11-14
27,Worcestershire,C1,LC,57,CON,CON,45,3,4,3,0,0,0,0,0,0,0,0,0,0,2,0,,,2016,2030,http://worcestershire.moderngov.co.uk/mgMemberIndex.aspx?FN=PARTY&VW=LIST&PIC=0,2021-08-01
28,Allerdale,D1,LC,49,NOC,IND/CON,18,13,0,0,0,0,0,0,0,0,0,0,0,0,17,1,"New W Cumbria unitary elections in 2022, Allerdale to be abolished 2023.",E07000026,2016,2023,http://democracy.allerdale.gov.uk/mgMemberIndex.aspx?FN=PARTY&VW=LIST&PIC=0,2021-10-24
29,Arun,D1,LC,54,NOC,"CON min",24,1,16,2,0,0,0,0,0,0,0,0,0,0,11,0,,E07000224,2016,2030,https://democracy.arun.gov.uk/mgMemberIndex.aspx?bcr=1,2021-08-01
30,Ashfield,D1,LC,35,IND,IND,3,2,0,0,0,0,0,0,0,0,0,0,0,0,30,0,,E07000170,2016,2030,https://democracy.ashfield-dc.gov.uk/mgMemberIndex.aspx?FN=PARTY&VW=LIST&PIC=0,2021-08-03
31,Ashford,D1,LC,47,CON,CON,25,6,0,3,0,0,0,0,0,0,0,0,0,0,13,0,,E07000105,2016,2030,http://ashford.moderngov.co.uk/mgFindMember.aspx?XXR=0&AC=USERSEARCH&sPC=Enter%20postcode,2021-09-01
32,"Aylesbury Vale",D1,LC,0,CON,CON,0,0,0,0,0,0,0,0,0,0,0,0,0,0,0,0,"Merged into Bucks UA in 2020.",E07000004,2016,2019,http://www.aylesburyvaledc.gov.uk/councillors/?scmOverrideRecord=21R0112Cmk,2020-03-01
33,Babergh,D1,AA,32,NOC,CON/IND/LD,14,1,3,4,0,0,0,0,0,0,0,0,0,0,10,0,,E07000200,2016,2030,http://baberghmidsuffolk.moderngov.co.uk/mgMemberIndexGroup.aspx?bcr=1&g=bdcc&m=bdccw,2021-06-11
34,Barrow-in-Furness,D1,LC,36,LAB,LAB,12,24,0,0,0,0,0,0,0,0,0,0,0,0,0,0,"New E Cumbria unitary elections in 2022, Barrow to be abolished 2023.",E07000027,2016,2023,https://democracy.barrowbc.gov.uk/mgMemberIndex.aspx?bcr=1,2021-08-01
35,Bassetlaw,D1,LC,48,LAB,LAB,8,35,1,0,0,0,0,0,0,0,0,0,0,0,4,0,,E07000171,2016,2030,https://www.bassetlaw.gov.uk/council-and-democracy/local-councillors/your-local-councillor/,2021-08-01
36,Blaby,D1,LC,39,CON,CON,25,6,6,1,0,0,0,0,0,0,0,0,0,0,1,0,,E07000129,2016,2030,https://w3.blaby.gov.uk/decision-making/mgMemberIndex.aspx?bcr=1,2021-06-11
37,Bolsover,D1,LC,37,NOC,"LAB min",3,19,0,0,0,0,0,0,0,0,0,0,0,0,15,0,,E07000033,2016,2030,https://committees.bolsover.gov.uk/mgMemberIndex.aspx?FN=WARD&VW=LIST&PIC=0,2021-06-11
38,Boston,D1,LC,30,NOC,"CON min",14,2,0,0,0,0,0,0,0,0,0,0,0,0,14,0,,E07000136,2016,2030,http://moderngov.boston.gov.uk/mgMemberIndex.aspx?FN=GROUPING&VW=LIST&PIC=0,2021-08-01
39,Braintree,D1,LC,49,CON,CON,34,2,0,7,0,0,0,0,0,0,0,0,0,0,6,0,,E07000067,2016,2030,http://braintree.cmis.uk.com/braintree/Councillors.aspx,2021-06-11
40,Breckland,D1,LC,49,CON,CON,35,6,0,2,0,0,0,0,0,0,0,0,0,0,5,1,,E07000143,2016,2030,http://democracy.breckland.gov.uk/mgMemberIndex.aspx?FN=PARTY&VW=LIST&PIC=0,2021-11-01
41,Broadland,D1,LC,47,CON,CON,31,2,12,2,0,0,0,0,0,0,0,0,0,0,0,0,,E07000144,2016,2030,https://www.broadland.gov.uk/councillors/name,2021-10-01
42,Bromsgrove,D1,LC,31,CON,CON,18,3,3,0,0,0,0,0,0,0,0,0,0,0,7,0,,E07000234,2016,2030,http://moderngovwebpublic.bromsgrove.gov.uk/mgMemberIndex.aspx?FN=PARTY&VW=LIST&PIC=0,2021-01-25
43,Broxtowe,D1,CO,44,NOC,LAB/LD/IND,20,14,7,0,0,0,0,0,0,0,0,0,0,0,3,0,,E07000172,2016,2030,https://democracy.broxtowe.gov.uk/mgMemberIndex.aspx?bcr=1,2021-08-01
176,Cambridge,D1,LC,42,LAB,LAB,0,27,12,2,0,0,0,0,0,0,0,0,0,0,1,0,"Boundary changes 2020. One-off all-up.",E07000008,2016,2030,http://democracy.cambridge.gov.uk/mgMemberIndex.aspx?bcr=1,2021-04-01
44,Canterbury,D1,CO,39,CON,CON,23,9,6,0,0,0,0,0,0,0,0,0,0,0,0,1,,E07000106,2016,2030,http://democracy.canterbury.gov.uk/mgMemberIndex.aspx?bcr=1,2021-11-02
45,Charnwood,D1,LC,52,CON,CON,37,11,0,1,0,0,0,0,0,0,0,0,0,0,2,1,,E07000130,2016,2030,https://charnwood.moderngov.co.uk/mgMemberIndex.aspx?bcr=1,2021-10-21
46,Chelmsford,D1,LC,57,LD,LD,22,0,30,0,0,0,0,0,0,0,0,0,0,0,5,0,,E07000070,2016,2030,https://www.chelmsford.gov.uk/your-council/councillors-and-decision-making/councillors/find-a-councillor/view-chelmsford-city-councillors/?cord=DESC&cid=50eeb79d-c47e-472c-a05d-49a3d5c8792b&p=1,2021-07-06
47,Chesterfield,D1,LC,48,LAB,LAB,0,28,17,0,0,0,0,0,0,0,0,0,0,0,3,0,,E07000034,2016,2030,http://chesterfield.moderngov.co.uk/mgMemberIndex.aspx?FN=PARTY&VW=LIST&PIC=0,2021-08-01
48,Chichester,D1,LC,36,NOC,"CON min",17,1,11,2,0,0,0,0,0,0,0,0,0,0,5,0,,E07000225,2016,2030,http://chichester.moderngov.co.uk/mgMemberIndex.aspx?FN=PARTY&VW=LIST&PIC=0,2021-06-25
49,Chiltern,D1,LC,0,CON,CON,0,0,0,0,0,0,0,0,0,0,0,0,0,0,0,0,"Merged into Bucks UA in 2020.",E07000005,2016,2019,https://isa.chiltern.gov.uk/democracy/mgMemberIndex.aspx?FN=PARTY&VW=LIST&PIC=0,2020-05-24
181,Chorley,D1,LC,42,LAB,LAB,13,29,0,0,0,0,0,0,0,0,0,0,0,0,0,0,"Boundary changes 2020. One-off all-up.",E07000118,2016,2030,https://democracy.chorley.gov.uk/mgMemberIndex.aspx?FN=PARTY&VW=LIST&PIC=0,2021-04-01
51,Copeland,D1,MC,33,LAB,"IND Mayor",11,17,0,0,0,0,0,0,0,0,0,0,0,0,5,0,"New W Cumbria unitary elections in 2022, Copeland to be abolished 2023.",E07000029,2016,2023,http://copeland.moderngov.co.uk/mgMemberIndex.aspx?VW=TABLE&PIC=1&FN=PARTY,2021-06-11
52,Corby,D1,AA,0,LAB,LAB,0,0,0,0,0,0,0,0,0,0,0,0,0,0,0,0,"Merged into North Northants UA in 2021.",E07000150,2016,2020,http://www.corby.gov.uk/home/council/council-democracy/councillors-information-advice/councillors,2021-04-01
53,Cotswold,D1,LC,34,LD,LD,14,0,18,1,0,0,0,0,0,0,0,0,0,0,1,0,,E07000079,2016,2030,https://meetings.cotswold.gov.uk/mgMemberIndex.aspx?FN=WARD&VW=LIST&PIC=0,2021-06-11
54,Dacorum,D1,LC,51,CON,CON,31,0,19,0,0,0,0,0,0,0,0,0,0,0,1,0,,E07000096,2016,2030,https://democracy.dacorum.gov.uk/mgMemberIndex.aspx?FN=PARTY&VW=LIST&PIC=0,2021-06-11
55,Dartford,D1,LC,42,CON,CON,28,9,0,0,0,0,0,0,0,0,0,0,0,0,4,1,,E07000107,2016,2030,http://committeedmz.dartford.gov.uk/mgMemberIndex.aspx?FN=PARTY&VW=LIST&PIC=0&J=1,2021-10-21
56,"Derbyshire Dales",D1,AA,39,CON,CON,20,4,7,2,0,0,0,0,0,0,0,0,0,0,6,0,,E07000035,2016,2030,https://www.derbyshiredales.gov.uk/your-council/councillors/848-councillors-by-ward,2021-06-11
57,Dover,D1,LC,32,CON,CON,20,11,0,0,0,0,0,0,0,0,0,0,0,0,1,0,,E07000108,2016,2030,http://moderngov.dover.gov.uk/mgMemberIndex.aspx?FN=PARTY&VW=LIST&PIC=0,2021-09-01
58,"East Cambridgeshire",D1,AA,28,CON,CON,16,0,10,0,0,0,0,0,0,0,0,0,0,0,2,0,,E07000009,2016,2030,http://www.eastcambs.gov.uk/council-and-democracy/search-for-councillors,2021-10-01
59,"East Devon",D1,LC,60,NOC,IND/LD/GRN,22,2,7,2,0,0,0,0,0,0,0,0,0,0,27,0,,E07000040,2016,2030,https://democracy.eastdevon.gov.uk//mgMemberIndex.aspx?FN=ALPHA&VW=LIST&PIC=0,2021-10-01
61,"East Hampshire",D1,LC,43,CON,CON,31,0,8,1,0,0,0,0,0,0,0,0,0,0,3,0,,E07000085,2016,2030,http://easthants.moderngov.co.uk/mgMemberIndex.aspx?FN=PARTY&VW=LIST&PIC=0,2021-10-14
62,"East Hertfordshire",D1,LC,50,CON,CON,40,2,6,2,0,0,0,0,0,0,0,0,0,0,0,0,,E07000242,2016,2030,http://democracy.eastherts.gov.uk/mgMemberIndex.aspx?FN=PARTY&VW=LIST&PIC=0,2021-06-11
63,"East Lindsey",D1,LC,55,CON,CON,30,6,1,0,0,0,0,0,0,0,0,0,0,0,18,0,,E07000137,2016,2030,https://democracy.e-lindsey.gov.uk/mgMemberIndex.aspx?FN=PARTY&VW=LIST&PIC=0,2021-06-11
64,"East Northamptonshire",D1,AA,0,CON,CON,0,0,0,0,0,0,0,0,0,0,0,0,0,0,0,0,"Merged into North Northants UA in 2021.",E07000152,2016,2020,http://www.east-northamptonshire.gov.uk/councillors/name,2021-04-01
65,"East Staffordshire",D1,LC,39,CON,CON,24,11,1,0,0,0,0,0,0,0,0,0,0,0,3,0,,E07000193,2016,2030,http://www.eaststaffsbc.gov.uk/council-democracy/councillors,2021-10-01
412,"East Suffolk",D1,,55,CON,CON,39,7,3,5,0,0,0,0,0,0,0,0,0,0,1,0,,,2019,2030,https://eastsuffolk.cmis.uk.com/eastsuffolk/councillors.aspx,2021-08-19
66,Eastbourne,D1,LC,27,LD,LD,9,0,18,0,0,0,0,0,0,0,0,0,0,0,0,0,,E07000061,2016,2030,https://democracy.lewes-eastbourne.gov.uk/mgMemberIndexGroup.aspx?bcr=1&g=EastbourneCllrs&m=EastbourneCllrs,2021-06-11
68,Eden,D1,LC,38,NOC,LD/IND,13,2,12,2,0,0,0,0,0,0,0,0,0,0,9,0,"New E Cumbria unitary elections in 2022, Eden to be abolished 2023.",E07000030,2016,2030,https://democracy.eden.gov.uk/mgMemberIndex.aspx?bcr=1,2021-10-01
69,"Epsom and Ewell",D1,AA,38,IND,IND,1,3,2,0,0,0,0,0,0,0,0,0,0,0,32,0,,E07000208,2016,2030,https://democracy.epsom-ewell.gov.uk/mgMemberIndex.aspx?bcr=1,2021-10-01
70,Erewash,D1,LC,47,CON,CON,28,16,1,0,0,0,0,0,0,0,0,0,0,0,2,0,,E07000036,2016,2030,http://moderngov.erewash.gov.uk/mgMemberIndex.aspx?bcr=1,2021-06-11
71,Fenland,D1,LC,39,CON,CON,27,0,2,1,0,0,0,0,0,0,0,0,0,0,9,0,,E07000010,2016,2030,https://www.fenland.gov.uk/localgov/mgMemberIndex.aspx?bcr=1,2021-06-11
123,"Folkestone and Hythe",D1,LC,30,NOC,CON/GRN/LD/IND,13,5,2,6,2,0,0,0,0,0,0,0,0,0,2,0,,E07000112,2016,2030,http://www.folkestone-hythe.gov.uk/moderngov/mgMemberIndex.aspx?bcr=1,2021-04-01
73,"Forest of Dean",D1,LC,38,NOC,IND/GRN/LAB,8,3,2,7,0,0,0,0,0,0,0,0,0,0,18,0,,E07000080,2016,2030,http://meetings.fdean.gov.uk/mgMemberIndex.aspx?bcr=1,2021-06-11
74,Fylde,D1,LC,51,CON,CON,31,0,1,0,0,0,0,0,0,0,0,0,0,0,19,0,,E07000119,2016,2030,https://fylde.cmis.uk.com/fylde/CouncillorsandMP.aspx,2021-02-18
75,Gedling,D1,LC,41,LAB,LAB,8,29,2,0,0,0,0,0,0,0,0,0,0,0,2,0,,E07000173,2016,2030,https://democracy.gedling.gov.uk/mgMemberIndex.aspx?FN=PARTY&VW=LIST&PIC=0,2021-04-01
76,Gloucester,D1,LC,39,CON,CON,25,3,11,0,0,0,0,0,0,0,0,0,0,0,0,0,,E07000081,2016,2030,http://democracy.gloucester.gov.uk/mgFindMember.aspx?XXR=0&AC=USERSEARCH,2021-11-14
77,Gravesham,D1,LC,44,LAB,"LAB min",20,22,0,0,0,0,0,0,0,0,0,0,0,0,2,0,,E07000109,2016,2030,https://democracy.gravesham.gov.uk/mgMemberIndex.aspx?VW=TABLE&PIC=1&FN=PARTY,2021-06-11
190,"Great Yarmouth",D1,LC,39,CON,CON,21,14,0,0,1,0,0,0,0,0,0,0,0,0,3,0,,E07000145,2016,2030,https://great-yarmouth.cmis.uk.com/great-yarmouth/Councillors/tabid/63/ScreenMode/Alphabetical/Default.aspx,2021-08-19
78,Guildford,D1,LC,48,NOC,IND/LD,10,2,16,0,0,0,0,0,0,0,0,0,0,0,20,0,,E07000209,2016,2030,http://www2.guildford.gov.uk/councilmeetings/mgMemberIndex.aspx?bcr=1,2021-11-14
79,Hambleton,D1,LC,28,CON,CON,23,1,1,0,0,0,0,0,0,0,0,0,0,0,2,1,,E07000164,2016,2030,http://democracy.hambleton.gov.uk/mgMemberIndex.aspx?FN=PARTY&VW=LIST&PIC=0,2021-11-01
80,Harborough,D1,LC,34,CON,CON,22,1,11,0,0,0,0,0,0,0,0,0,0,0,0,0,,E07000131,2016,2030,https://cmis.harborough.gov.uk/cmis5/Councillors.aspx,2021-06-11
81,Harrogate,D1,LC,40,CON,CON,30,0,8,0,0,0,0,0,0,0,0,0,0,0,2,0,"New N Yorkshire unitary elections in 2022, Harrogate to be abolished 2023.",E07000165,2016,2023,https://democracy.harrogate.gov.uk/mgMemberIndex.aspx?bcr=1,2021-07-30
83,Hertsmere,D1,LC,39,CON,CON,29,7,3,0,0,0,0,0,0,0,0,0,0,0,0,0,,E07000098,2016,2030,https://hertsmere.moderngov.co.uk/mgMemberIndex.aspx,2021-06-11
84,"High Peak",D1,LC,43,LAB,LAB,16,22,3,2,0,0,0,0,0,0,0,0,0,0,0,0,,E07000037,2016,2030,https://democracy.highpeak.gov.uk/mgMemberIndexGroup.aspx?g=HPCLLRS&m=hpcllrs,2020-03-01
85,"Hinckley and Bosworth",D1,LC,34,LD,LD,10,2,21,0,0,0,0,0,0,0,0,0,0,0,1,0,,E07000132,2016,2030,http://moderngov.hinckley-bosworth.gov.uk/mgMemberIndex.aspx?FN=PARTY&VW=LIST&PIC=0,2021-03-07
86,Horsham,D1,LC,48,CON,CON,31,0,13,2,0,0,0,0,0,0,0,0,0,0,1,1,,E07000227,2016,2030,http://horsham.moderngov.co.uk/mgMemberIndex.aspx?FN=PARTY&VW=LIST&PIC=0,2021-10-24
87,Huntingdonshire,D1,LC,52,CON,CON,30,3,7,0,0,0,0,0,0,0,0,0,0,0,12,0,,E07000011,2016,2030,http://applications.huntingdonshire.gov.uk/moderngov/mgMemberIndex.aspx?FN=PARTY&VW=LIST&PIC=0,2021-11-14
88,Kettering,D1,LC,0,CON,CON,0,0,0,0,0,0,0,0,0,0,0,0,0,0,0,0,"Merged into North Northants UA in 2021.",E07000153,2016,2020,http://www.kettering.gov.uk/councillors/name,2021-02-18
89,"King's Lynn and West Norfolk",D1,LC,55,CON,CON,29,8,1,1,0,0,0,0,0,0,0,0,0,0,16,0,,E07000146,2016,2030,http://democracy.west-norfolk.gov.uk/mgMemberIndex.aspx?FN=PARTY&VW=LIST&PIC=0,2021-09-19
90,Lancaster,D1,LC,60,NOC,"GRN min",11,15,2,10,0,0,0,0,0,0,0,0,0,0,19,3,,E07000121,2016,2030,http://committeeadmin.lancaster.gov.uk/mgMemberIndex.aspx?FN=PARTY&VW=LIST&PIC=0,2021-11-14
91,Lewes,D1,LC,41,NOC,LD/GRN/LAB/IND,19,3,9,8,0,0,0,0,0,0,0,0,0,0,2,0,,E07000063,2016,2030,https://democracy.lewes-eastbourne.gov.uk/mgMemberIndexGroup.aspx?bcr=1&g=LewesCllrs&m=LewesCllrs,2021-06-11
92,Lichfield,D1,LC,47,CON,CON,35,10,1,0,0,0,0,0,0,0,0,0,0,0,1,0,,E07000194,2016,2030,https://democracy.lichfielddc.gov.uk/mgMemberIndex.aspx?bcr=1,2021-06-11
93,Maldon,D1,LC,31,IND,IND,15,0,0,0,0,0,0,0,0,0,0,0,0,0,16,0,,E07000074,2016,2030,https://democracy.maldon.gov.uk/mgFindMember.aspx?XXR=0&AC=USERSEARCH&sPC=Enter%20postcode,2021-06-11
94,"Malvern Hills",D1,LC,38,NOC,IND/LD/GRN,12,1,4,5,0,0,0,0,0,0,0,0,0,0,16,0,,E07000235,2016,2030,http://moderngov.malvernhills.gov.uk/mgMemberIndex.aspx?FN=PARTY&VW=LIST&PIC=0&J=3,2021-09-19
95,Mansfield,D1,MC,36,NOC,"LAB Mayor",1,15,0,0,0,0,0,0,0,0,0,0,0,0,20,0,,E07000174,2016,2030,https://portal.mansfield.gov.uk/cmadexternal/councillorslist.aspx,2021-06-11
96,Melton,D1,AA,28,CON,CON,20,0,0,1,0,0,0,0,0,0,0,0,0,0,7,0,,E07000133,2016,2030,https://democracy.melton.gov.uk/mgMemberIndex.aspx?bcr=1,2021-11-14
97,Mendip,D1,LC,47,LD,LD,12,0,23,10,0,0,0,0,0,0,0,0,0,0,2,0,"New Somerset unitary elections in 2022, Mendip to be abolished 2023.",E07000187,2016,2023,http://www.mendip.gov.uk/contactacouncillor,2021-06-11
98,"Mid Devon",D1,LC,42,NOC,CON/IND,20,0,11,2,0,0,0,0,0,0,0,0,0,0,9,0,,E07000042,2016,2030,https://democracy.middevon.gov.uk/mgMemberIndex.aspx?FN=PARTY&VW=LIST&PIC=0,2021-06-18
99,"Mid Suffolk",D1,LC,34,NOC,CON/IND,16,0,5,12,0,0,0,0,0,0,0,0,0,0,1,0,,E07000203,2016,2030,http://baberghmidsuffolk.moderngov.co.uk/mgMemberIndexGroup.aspx?bcr=1&g=MSDCC&m=MSDCCW,2021-02-18
100,"Mid Sussex",D1,LC,54,CON,CON,34,0,13,4,0,0,0,0,0,0,0,0,0,0,3,0,,E07000228,2016,2030,http://midsussex.moderngov.co.uk/mgMemberIndex.aspx?bcr=1,2021-07-21
101,"New Forest",D1,LC,60,CON,CON,44,0,13,0,0,0,0,0,0,0,0,0,0,0,2,1,,E07000091,2016,2030,https://democracy.newforest.gov.uk/mgMemberIndex.aspx?FN=PARTY&VW=LIST&PIC=0,2021-11-14
102,"Newark and Sherwood",D1,LC,39,CON,CON,29,6,2,0,0,0,0,0,0,0,0,0,0,0,2,0,,E07000175,2016,2030,https://democracy.newark-sherwooddc.gov.uk/mgMemberIndex.aspx?bcr=1,2021-10-24
103,Newcastle-under-Lyme,D1,LC,44,CON,CON,23,18,2,0,0,0,0,0,0,0,0,0,0,0,0,1,,E07000195,2016,2030,http://moderngov.newcastle-staffs.gov.uk/mgMemberIndex.aspx?FN=PARTY&VW=LIST&PIC=0,2021-11-14
104,"North Devon",D1,LC,42,LD,LD,11,0,21,2,0,0,0,0,0,0,0,0,0,0,8,0,,E07000043,2016,2030,https://democracy.northdevon.gov.uk/mgMemberIndex.aspx?bcr=1,2021-04-01
106,"North East Derbyshire",D1,LC,53,CON,CON,30,18,3,0,0,0,0,0,0,0,0,0,0,0,2,0,,E07000038,2016,2030,http://www.ne-derbyshire.gov.uk/,2021-09-19
107,"North Kesteven",D1,LC,43,NOC,CON/IND,24,0,0,0,0,0,0,0,0,0,0,0,0,0,19,0,,E07000139,2016,2030,https://democracy.n-kesteven.gov.uk/mgMemberIndex.aspx?bcr=1,2021-11-14
108,"North Norfolk",D1,LC,40,LD,LD,9,0,25,0,0,0,0,0,0,0,0,0,0,0,5,1,,E07000147,2016,2030,https://modgov.north-norfolk.gov.uk/mgMemberIndex.aspx?bcr=1,2021-11-01
109,"North Warwickshire",D1,AA,35,CON,CON,23,12,0,0,0,0,0,0,0,0,0,0,0,0,0,0,,E07000218,2016,2030,https://www.northwarks.gov.uk/councillors/name,2021-06-11
110,"North West Leicestershire",D1,LC,38,CON,CON,22,9,4,1,0,0,0,0,0,0,0,0,0,0,2,0,,E07000134,2016,2030,http://minutes-1.nwleics.gov.uk/mgMemberIndex.aspx?FN=PARTY&VW=LIST&PIC=0,2021-06-11
111,Northampton,D1,LC,0,CON,CON,0,0,0,0,0,0,0,0,0,0,0,0,0,0,0,0,"Merged into West Northants UA in 2021.",E07000154,2016,2020,http://www.northamptonboroughcouncil.com/councillors/mgMemberIndex.asp?FN=PARTY&VW=LIST&PIC=0,2021-03-09
112,"Oadby and Wigston",D1,AA,26,LD,LD,2,0,24,0,0,0,0,0,0,0,0,0,0,0,0,0,,E07000135,2016,2030,http://moderngov.oadby-wigston.gov.uk/mgMemberIndex.aspx?FN=PARTY&VW=LIST&PIC=0,2021-04-01
169,Oxford,D1,LC,48,LAB,LAB,0,34,9,3,0,0,0,0,0,0,0,0,0,0,2,0,"Boundary changes 2020. One-off all-up.",E07000178,2016,2030,http://mycouncil.oxford.gov.uk/mgMemberIndex.aspx?bcr=1,2021-04-01
201,Pendle,D1,LC,33,CON,CON,18,10,5,0,0,0,0,0,0,0,0,0,0,0,0,0,"33 seats from 2020. One-off all-up.",E07000122,2016,2030,https://www.pendle.gov.uk/councillors/name,2021-04-01
114,"Ribble Valley",D1,AA,40,CON,CON,28,0,10,0,0,0,0,0,0,0,0,0,0,0,2,0,,E07000124,2016,2030,https://www.ribblevalley.gov.uk/councillors/name,2021-09-01
115,Richmondshire,D1,LC,24,NOC,IND/LD,9,0,3,1,0,0,0,0,0,0,0,0,0,0,11,0,"New N Yorkshire unitary elections in 2022, Richmondshire to be abolished 2023.",E07000166,2016,2023,https://www.richmondshire.gov.uk/council-and-democracy/councillors/councillors-information/,2020-05-25
116,Rother,D1,LC,38,NOC,IND/LD/LAB,14,3,7,1,0,0,0,0,0,0,0,0,0,0,13,0,,E07000064,2016,2030,http://www.rother.gov.uk/index.cfm?articleid=179,2021-06-11
117,Rushcliffe,D1,LC,44,CON,CON,27,7,3,2,0,0,0,0,0,0,0,0,0,0,5,0,,E07000176,2016,2030,https://democracy.rushcliffe.gov.uk/mgMemberIndex.aspx?bcr=1,2021-10-17
118,Ryedale,D1,AA,30,NOC,IND/LD,11,0,2,0,0,0,0,0,0,0,0,0,0,0,16,1,"New N Yorkshire unitary elections in 2022, Ryedale to be abolished 2023.",E07000167,2016,2023,http://democracy.ryedale.gov.uk/mgMemberIndex.aspx?FN=PARTY&VW=LIST&PIC=0,2021-10-24
119,Scarborough,D1,LC,46,NOC,LAB/IND,12,13,0,2,0,0,0,0,0,0,0,0,0,0,19,0,"New N Yorkshire unitary elections in 2022, Scarborough to be abolished 2023.",E07000168,2016,2023,https://democracy.scarborough.gov.uk/mgMemberIndex.aspx?bcr=1,2021-06-18
120,Sedgemoor,D1,LC,48,CON,CON,29,11,7,0,0,0,0,0,0,0,0,0,0,0,1,0,"New Somerset unitary elections in 2022, Sedgemoor to be abolished 2023.",E07000188,2016,2023,http://www.sedgemoor.gov.uk/councillors,2021-04-01
121,Selby,D1,LC,31,CON,CON,19,8,0,0,0,0,0,0,0,0,0,0,0,0,4,0,"New N Yorkshire unitary elections in 2022, Selby to be abolished 2023.",E07000169,2016,2023,http://www.selby.gov.uk/councillors,2021-06-11
122,Sevenoaks,D1,LC,54,CON,CON,46,1,3,0,0,0,0,0,0,0,0,0,0,0,4,0,,E07000111,2016,2030,http://cds.sevenoaks.gov.uk/mgMemberIndex.aspx?bcr=1,2021-06-11
411,"Somerset West and Taunton",D1,,59,LD,LD,10,3,30,2,0,0,0,0,0,0,0,0,0,0,14,0,"New Somerset unitary elections in 2022, SW&T to be abolished 2023.",,2019,2023,https://democracy.somersetwestandtaunton.gov.uk/mgMemberIndex.aspx?bcr=1,2021-10-17
124,"South Bucks",D1,LC,0,CON,CON,0,0,0,0,0,0,0,0,0,0,0,0,0,0,0,0,"Merged into Bucks UA in 2020.",E07000006,2016,2019,http://sbdc-spider2.southbucks.gov.uk/democracy/mgMemberIndex.aspx?bcr=1,2020-05-24
125,"South Cambridgeshire",D1,LC,45,LD,LD,11,2,30,0,0,0,0,0,0,0,0,0,0,0,1,1,,E07000012,2016,2030,http://scambs.moderngov.co.uk/mgMemberIndex.aspx?FN=PARTY&VW=LIST&PIC=0,2021-11-14
126,"South Derbyshire",D1,AA,36,NOC,"LAB min",15,15,0,0,0,0,0,0,0,0,0,0,0,0,6,0,,E07000039,2016,2030,http://south-derbys.cmis.uk.com/south-derbys/Councillors.aspx,2021-09-19
127,"South Hams",D1,LC,31,CON,CON,16,0,10,2,0,0,0,0,0,0,0,0,0,0,3,0,,E07000044,2016,2030,https://www.southhams.gov.uk/councillorsSH,2021-06-11
128,"South Holland",D1,LC,37,CON,CON,24,0,0,0,0,0,0,0,0,0,0,0,0,0,13,0,,E07000140,2016,2030,https://democracy.sholland.gov.uk/mgMemberIndex.aspx?bcr=1,2021-11-01
129,"South Kesteven",D1,LC,56,CON,CON,37,3,2,0,0,0,0,0,0,0,0,0,0,0,14,0,,E07000141,2016,2030,http://moderngov.southkesteven.gov.uk/mgMemberIndex.aspx?FN=PARTY&VW=LIST&PIC=0&J=1,2021-11-01
131,"South Norfolk",D1,LC,46,CON,CON,35,1,10,0,0,0,0,0,0,0,0,0,0,0,0,0,,E07000149,2016,2030,http://www.south-norfolk.gov.uk/your-councillors,2020-03-01
132,"South Northamptonshire",D1,LC,0,CON,CON,0,0,0,0,0,0,0,0,0,0,0,0,0,0,0,0,"Merged into West Northants UA in 2021.",E07000155,2016,2020,http://modgov.southnorthants.gov.uk/mgFindMember.aspx?XXR=0&AC=USERSEARCH,2021-04-01
133,"South Oxfordshire",D1,LC,36,NOC,LD/GRN,10,3,13,5,0,0,0,0,0,0,0,0,0,0,5,0,,E07000179,2016,2030,http://democratic.southoxon.gov.uk/mgMemberIndex.aspx?FN=PARTY&VW=LIST&PIC=0,2021-06-11
134,"South Ribble",D1,LC,50,NOC,"LAB min",22,21,5,0,0,0,0,0,0,0,0,0,0,0,1,1,,E07000126,2016,2030,http://southribble.moderngov.co.uk/mgMemberIndex.aspx?bcr=1,2021-10-17
135,"South Somerset",D1,LC,60,LD,LD,14,0,40,1,0,0,0,0,0,0,0,0,0,0,5,0,"New Somerset unitary elections in 2022, S Somerset to be abolished 2023.",E07000189,2016,2023,http://modgov.southsomerset.gov.uk/mgMemberIndex.aspx?bcr=1,2021-02-18
136,"South Staffordshire",D1,LC,49,CON,CON,36,1,0,3,1,0,0,0,0,0,0,0,0,0,8,0,,E07000196,2016,2030,https://services.sstaffs.gov.uk/cmis/Councillors.aspx,2021-11-01
137,Spelthorne,D1,LC,39,NOC,LD/IND,18,2,8,1,0,0,0,0,0,0,0,0,0,0,10,0,,E07000213,2016,2030,http://democracy.spelthorne.gov.uk/mgMemberIndex.aspx?bcr=1,2021-07-30
407,Stafford,D1,LC,40,CON,CON,22,10,0,1,0,0,0,0,0,0,0,0,0,0,7,0,,E07000197,2016,2030,http://www.staffordbc.gov.uk/DemServCouncillors,2021-08-01
139,"Staffordshire Moorlands",D1,LC,56,NOC,CON/IND,27,13,1,0,0,0,0,0,0,0,0,0,0,0,15,0,,E07000198,2016,2030,https://democracy.staffsmoorlands.gov.uk/mgMemberIndexGroup.aspx?g=smcllrs&m=smcllrs,2021-06-11
140,Stratford-on-Avon,D1,LC,36,CON,CON,19,0,12,1,0,0,0,0,0,0,0,0,0,0,4,0,,E07000221,2016,2030,https://democracy.stratford.gov.uk/mgMemberIndex.aspx?bcr=1,2021-02-18
212,Stroud,D1,LC,51,NOC,LAB/GRN/LD,20,15,3,13,0,0,0,0,0,0,0,0,0,0,0,0,,E07000082,2016,2030,https://www.stroud.gov.uk/council-and-democracy/your-councillors/your-councillors-by-name,2021-04-01
142,"Surrey Heath",D1,LC,35,CON,CON,18,1,8,2,0,0,0,0,0,0,0,0,0,0,6,0,,E07000214,2016,2030,http://surreyheath.moderngov.co.uk/mgMemberIndex.aspx?bcr=1,2021-10-17
143,Swale,D1,LC,47,NOC,LAB/IND/LD/GRN,17,10,4,2,0,0,0,0,0,0,0,0,0,0,14,0,,E07000113,2016,2030,http://services.swale.gov.uk/meetings/mgMemberIndex.aspx?bcr=1,2021-10-01
145,Teignbridge,D1,LC,47,LD,LD,12,0,23,0,0,0,0,0,0,0,0,0,0,0,12,0,,E07000045,2016,2030,https://democracy.teignbridge.gov.uk/mgMemberIndex.aspx?FN=PARTY&VW=LIST&PIC=0,2021-04-01
146,Tendring,D1,LC,48,NOC,CON/UKIP/IND,21,6,2,0,1,0,0,0,0,0,0,0,0,0,18,0,,E07000076,2016,2030,http://tdcdemocracy.tendringdc.gov.uk/mgMemberIndex.aspx?bcr=1,2021-06-11
147,"Test Valley",D1,LC,43,CON,CON,26,0,12,0,0,0,0,0,0,0,0,0,0,0,5,0,,E07000093,2016,2030,https://democracy.testvalley.gov.uk/mgMemberIndex.aspx?bcr=1,2021-06-11
148,Tewkesbury,D1,LC,38,CON,CON,23,0,8,1,0,0,0,0,0,0,0,0,0,0,5,1,,E07000083,2016,2030,http://minutes.tewkesbury.gov.uk/mgMemberIndex.aspx?FN=PARTY&VW=LIST&PIC=0&J=1,2021-10-17
149,Thanet,D1,LC,56,NOC,"CON min",26,17,0,4,0,0,0,0,0,0,0,0,0,0,9,0,,E07000114,2016,2030,http://democracy.thanet.gov.uk/mgMemberIndex.aspx?bcr=1,2021-11-14
150,"Tonbridge and Malling",D1,LC,54,CON,CON,36,1,8,3,0,0,0,0,0,0,0,0,0,0,3,3,,E07000115,2016,2030,https://democracy.tmbc.gov.uk/mgMemberIndex.aspx?bcr=1,2021-11-14
151,Torridge,D1,AA,36,NOC,IND,11,3,2,2,0,0,0,0,0,0,0,0,0,0,17,1,,E07000046,2016,2030,https://democracy.torridge.gov.uk/mgMemberIndex.aspx?FN=PARTY&VW=LIST&PIC=0,2021-11-14
152,Uttlesford,D1,LC,39,IND,IND,5,0,5,3,0,0,0,0,0,0,0,0,0,0,26,0,,E07000077,2016,2030,https://uttlesford.moderngov.co.uk/mgMemberIndex.aspx?FN=PARTY&VW=LIST&PIC=0,2021-06-11
153,"Vale of White Horse",D1,LC,38,LD,LD,7,0,30,1,0,0,0,0,0,0,0,0,0,0,0,0,,E07000180,2016,2030,http://democratic.whitehorsedc.gov.uk/mgMemberIndex.aspx?FN=PARTY&VW=LIST&PIC=0,2021-06-11
154,Warwick,D1,LC,44,NOC,CON/IND,19,5,9,8,0,0,0,0,0,0,0,0,0,0,2,1,,E07000222,2016,2030,https://estates8.warwickdc.gov.uk/cmis/,2021-11-01
156,Waverley,D1,LC,57,NOC,IND/LD/LAB/GRN,22,2,15,2,0,0,0,0,0,0,0,0,0,0,16,0,,E07000216,2016,2030,https://modgov.waverley.gov.uk/mgMemberIndex.aspx?FN=PARTY&VW=LIST&PIC=0,2021-10-17
157,Wealden,D1,LC,45,CON,CON,30,0,5,2,0,0,0,0,0,0,0,0,0,0,7,1,,E07000065,2016,2030,http://council.wealden.gov.uk/mgFindMember.aspx?XXR=0&AC=USERSEARCH,2021-10-24
158,Wellingborough,D1,AA,0,CON,CON,0,0,0,0,0,0,0,0,0,0,0,0,0,0,0,0,"Merged into North Northants UA in 2021.",E07000156,2016,2020,http://www.wellingborough.gov.uk/councillors/name,2021-04-01
159,"West Devon",D1,AA,31,NOC,"CON min",14,1,1,2,0,0,0,0,0,0,0,0,0,0,12,1,,E07000047,2016,2030,https://www.westdevon.gov.uk/councillorsWD,2021-10-17
160,"West Lindsey",D1,AA,36,NOC,"CON min",17,0,12,0,0,0,0,0,0,0,0,0,0,0,6,1,,E07000142,2016,2030,https://democracy.west-lindsey.gov.uk/mgMemberIndex.aspx?bcr=1,2021-11-14
410,"West Suffolk",D1,,64,CON,CON,41,4,0,1,0,0,0,0,0,0,0,0,0,0,18,0,,,2019,2030,https://democracy.westsuffolk.gov.uk/mgMemberIndex.aspx?FN=WARD&VW=LIST&PIC=0,2021-10-01
162,Wychavon,D1,LC,45,CON,CON,35,0,6,2,0,0,0,0,0,0,0,0,0,0,1,1,,E07000238,2016,2030,http://mgov.wychavon.gov.uk/modern.gov/mgFindMember.aspx?XXR=0&AC=USERSEARCH,2021-10-01
163,Wycombe,D1,LC,0,CON,CON,0,0,0,0,0,0,0,0,0,0,0,0,0,0,0,0,"Merged into Bucks UA in 2020.",E07000007,2016,2019,https://councillors.wycombe.gov.uk/mgMemberIndex.aspx?bcr=1,2020-05-24
164,Wyre,D1,LC,50,CON,CON,37,8,0,0,0,0,0,0,0,0,0,0,0,0,5,0,,E07000128,2016,2030,https://wyre.moderngov.co.uk/mgMemberIndex.aspx?bcr=1,2021-02-18
226,"Wyre Forest",D1,LC,33,NOC,IND/LD/LAB/GRN,12,2,3,1,0,0,0,0,0,0,0,0,0,0,14,1,,E07000239,2016,2030,http://www.wyreforestdc.gov.uk/the-council/councillors-committees-and-meetings/your-district-councillor.aspx,2021-11-01
165,Adur,D2,LC,29,CON,CON,18,7,0,1,0,0,0,0,0,0,0,0,0,0,2,1,,E07000223,2016,2030,https://democracy.adur-worthing.gov.uk/mgMemberIndexGroup.aspx?bcr=1&g=MEMADC&m=MEMADC,2021-11-01
166,Cheltenham,D2,LC,40,LD,LD,7,0,30,0,0,0,0,0,0,0,0,0,0,0,3,0,,E07000078,2016,2030,https://democracy.cheltenham.gov.uk/mgMemberIndex.aspx?FN=PARTY&VW=LIST&PIC=0,2021-08-05
189,Fareham,D2,LC,31,CON,CON,23,0,5,0,0,0,0,0,0,0,0,0,0,0,3,0,,E07000087,2016,2030,http://moderngov.fareham.gov.uk/mgMemberIndex.aspx?FN=PARTY&VW=TABLE&PIC=1,2021-03-30
167,Gosport,D2,AA,34,CON,CON,19,1,14,0,0,0,0,0,0,0,0,0,0,0,0,0,,E07000088,2016,2030,https://democracy.gosport.gov.uk/mgMemberIndex.aspx?bcr=1,2021-04-01
82,Hastings,D2,LC,32,LAB,LAB,12,19,0,1,0,0,0,0,0,0,0,0,0,0,0,0,,E07000062,2016,2030,http://hastings.moderngov.co.uk/mgMemberIndex.aspx?FN=PARTY&VW=LIST&PIC=0,2021-04-01
168,"Nuneaton and Bedworth",D2,LC,34,CON,CON,24,6,0,1,0,0,0,0,0,0,0,0,0,0,2,1,,E07000219,2016,2030,https://www.nuneatonandbedworth.gov.uk/councillors/name,2021-10-17
170,"Amber Valley",D3,LC,45,CON,CON,28,15,0,1,0,0,0,0,0,0,0,0,0,0,1,0,,E07000032,2016,2030,https://www.ambervalley.gov.uk/councillors-and-elections/borough-councillors/,2021-10-17
171,Basildon,D3,LC,42,CON,CON,25,10,0,0,0,0,0,0,0,0,0,0,0,0,6,1,,E07000066,2016,2030,http://www.basildonmeetings.info/mgMemberIndex.aspx?FN=WARD&VW=LIST&PIC=0,2021-10-17
172,"Basingstoke and Deane",D3,LC,54,CON,CON,33,10,5,0,0,0,0,0,0,0,0,0,0,0,6,0,"All 54 wards up in 2021, then back to thirds.",E07000084,2016,2030,https://democracy.basingstoke.gov.uk/mgMemberIndex.aspx?bcr=1,2021-04-01
173,Brentwood,D3,AA,37,CON,CON,23,2,12,0,0,0,0,0,0,0,0,0,0,0,0,0,,E07000068,2016,2030,http://brentwood.moderngov.co.uk/mgMemberIndex.aspx?VW=TABLE&PIC=1&FN=ALPHA,2021-02-16
174,Broxbourne,D3,LC,30,CON,CON,27,3,0,0,0,0,0,0,0,0,0,0,0,0,0,0,,E07000095,2016,2030,https://www.broxbourne.gov.uk/councillors,2021-04-01
175,Burnley,D3,LC,45,NOC,LAB/LD,9,18,8,5,0,0,0,0,0,0,0,0,0,0,5,0,,E07000117,2016,2030,https://burnley.moderngov.co.uk/mgMemberIndex.aspx?FN=PARTY&VW=TABLE&PIC=1,2021-04-01
177,"Cannock Chase",D3,LC,41,CON,CON,24,9,2,1,0,0,0,0,0,0,0,0,0,0,5,0,,E07000192,2016,2030,http://www.cannockchasedc.gov.uk/council/about-council/your-councillors,2021-04-01
178,Carlisle,D3,LC,39,CON,CON,20,13,1,1,0,0,0,0,0,0,0,0,0,0,4,0,"New W Cumbria unitary elections in 2022, Carlisle to be abolished 2023.",E07000028,2016,2023,https://carlisle.cmis.uk.com/CarlisleCityCouncillors.aspx,2021-11-14
179,"Castle Point",D3,LC,41,CON,CON,21,0,0,0,0,0,0,0,0,0,0,0,0,0,20,0,,E07000069,2016,2030,https://www.castlepoint.gov.uk/councillors,2021-04-01
180,Cherwell,D3,LC,48,CON,CON,31,9,3,1,0,0,0,0,0,0,0,0,0,0,4,0,,E07000177,2016,2030,http://modgov.cherwell.gov.uk/mgMemberIndex.aspx?FN=PARTY&VW=LIST&PIC=0,2021-02-18
182,Colchester,D3,LC,51,NOC,CON/IND,23,11,12,2,0,0,0,0,0,0,0,0,0,0,3,0,,E07000071,2016,2030,http://colchester.cmis.uk.com/colchester/Councillors.aspx,2021-04-01
183,Craven,D3,AA,30,NOC,CON/IND1,15,3,1,2,0,0,0,0,0,0,0,0,0,0,9,0,"New N Yorkshire unitary elections in 2022, Craven to be abolished 2023.",E07000163,2016,2023,https://www.cravendc.gov.uk/the-council/councillors/list-of-councillors/,2021-06-11
184,Crawley,D3,LC,36,NOC,LAB/IND,18,17,0,0,0,0,0,0,0,0,0,0,0,0,1,0,,E07000226,2016,2030,http://democracy.crawley.gov.uk/mgMemberIndex.aspx?bcr=1,2021-04-04
185,Daventry,D3,AA,0,CON,CON,0,0,0,0,0,0,0,0,0,0,0,0,0,0,0,0,"Merged into West Northants UA in 2021.",E07000151,2016,2020,http://cmis.daventrydc.gov.uk/daventry/Councillors/tabid/63/ScreenMode/Alphabetical/Default.aspx,2021-04-01
67,Eastleigh,D3,LC,39,LD,LD,2,0,32,0,0,0,0,0,0,0,0,0,0,0,5,0,,E07000086,2016,2030,https://meetings.eastleigh.gov.uk/mgMemberIndex.aspx?bcr=1,2021-04-01
186,Elmbridge,D3,LC,48,NOC,IND/LD,21,0,9,0,0,0,0,0,0,0,0,0,0,0,18,0,,E07000207,2016,2030,http://mygov.elmbridge.gov.uk/mgMemberIndex.aspx?FN=ALPHA,2021-08-31
187,"Epping Forest",D3,LC,58,CON,CON,37,0,3,3,0,0,0,0,0,0,0,0,0,0,15,0,,E07000072,2016,2030,http://rds.eppingforestdc.gov.uk/mgMemberIndex.aspx?FN=PARTY&VW=LIST&PIC=0,2021-04-01
188,Exeter,D3,LC,39,LAB,LAB,6,28,2,2,0,0,0,0,0,0,0,0,0,0,1,0,,E07000041,2016,2030,http://committees.exeter.gov.uk/mgMemberIndex.aspx?FN=PARTY&VW=LIST&PIC=0,2021-02-18
191,Harlow,D3,AA,33,CON,CON,21,12,0,0,0,0,0,0,0,0,0,0,0,0,0,0,,E07000073,2016,2030,http://moderngov.harlow.gov.uk/mgMemberIndex.aspx?bcr=1,2021-07-21
192,Hart,D3,LC,33,NOC,IND/LD,12,0,10,0,0,0,0,0,0,0,0,0,0,0,11,0,,E07000089,2016,2030,http://www.hart.gov.uk/district-councillors,2021-02-18
193,Havant,D3,LC,38,CON,CON,34,1,1,0,0,0,0,0,0,0,0,0,0,0,2,0,,E07000090,2016,2030,http://havant.moderngov.co.uk/mgMemberIndex.aspx?VW=TABLE&PIC=1&FN=PARTY,2021-07-30
194,Hyndburn,D3,LC,35,LAB,LAB,12,22,0,0,0,0,0,0,0,0,0,0,0,0,1,0,,E07000120,2016,2030,https://democracy.hyndburnbc.gov.uk/mgMemberIndex.aspx?FN=PARTY&VW=LIST&PIC=0,2021-04-01
195,Ipswich,D3,LC,48,LAB,LAB,15,30,3,0,0,0,0,0,0,0,0,0,0,0,0,0,,E07000202,2016,2030,https://democracy.ipswich.gov.uk/mgMemberIndex.aspx?bcr=1,2021-04-01
196,Lincoln,D3,LC,33,LAB,LAB,10,22,1,0,0,0,0,0,0,0,0,0,0,0,0,0,,E07000138,2016,2030,http://democratic.lincoln.gov.uk/mgMemberIndex.aspx?FN=PARTY&VW=LIST&PIC=0,2021-04-01
197,Maidstone,D3,LC,55,CON,CON,29,4,12,0,0,0,0,0,0,0,0,0,0,0,10,0,,E07000110,2016,2030,https://services.maidstone.gov.uk/meetings/mgMemberIndex.aspx?bcr=1,2021-10-24
198,"Mole Valley",D3,LC,41,LD,LD,12,0,22,0,0,0,0,0,0,0,0,0,0,0,7,0,,E07000210,2016,2030,https://www.molevalley.gov.uk/home/council/councillors/who-are-your-councillors,2021-04-01
199,"North Hertfordshire",D3,LC,49,NOC,LAB/LD,23,15,11,0,0,0,0,0,0,0,0,0,0,0,0,0,,E07000099,2016,2030,https://democracy.north-herts.gov.uk/mgMemberIndex.aspx?bcr=1,2021-04-01
200,Norwich,D3,LC,39,LAB,LAB,0,26,3,10,0,0,0,0,0,0,0,0,0,0,0,0,,E07000148,2016,2030,https://cmis.norwich.gov.uk/live/Councillors.aspx,2021-06-18
202,Preston,D3,LC,48,LAB,LAB,11,30,7,0,0,0,0,0,0,0,0,0,0,0,0,0,,E07000123,2016,2030,http://preston.moderngov.co.uk/mgMemberIndex.aspx?FN=PARTY&VW=LIST&PIC=0,2021-04-01
203,Redditch,D3,LC,29,CON,CON,25,4,0,0,0,0,0,0,0,0,0,0,0,0,0,0,,E07000236,2016,2030,http://moderngovwebpublic.redditchbc.gov.uk/mgMemberIndex.aspx?bcr=1,2021-04-01
204,"Reigate and Banstead",D3,LC,45,CON,CON,28,0,3,7,0,0,0,0,0,0,0,0,0,0,7,0,,E07000211,2016,2030,https://reigate-banstead.moderngov.co.uk/mgCommitteeDetails.aspx?ID=136,2021-04-01
205,Rochford,D3,LC,39,CON,CON,27,0,3,1,0,0,0,0,0,0,0,0,0,0,8,0,,E07000075,2016,2030,https://rochford.cmis.uk.com/rochford/Members/tabid/62/ScreenMode/Alphabetical/Default.aspx,2021-02-18
206,Rossendale,D3,LC,36,NOC,"LAB min",13,17,0,1,0,0,0,0,0,0,0,0,0,0,5,0,,E07000125,2016,2030,http://www.rossendale.gov.uk/councillors/name,2021-07-21
207,Rugby,D3,LC,42,CON,CON,25,8,9,0,0,0,0,0,0,0,0,0,0,0,0,0,,E07000220,2016,2030,https://www.rugby.gov.uk/councillors/name,2021-06-25
208,Runnymede,D3,AA,41,CON,CON,26,1,3,0,0,0,0,0,0,0,0,0,0,0,11,0,,E07000212,2016,2030,https://www.runnymede.gov.uk/article/15001/Councillors,2021-04-01
209,Rushmoor,D3,LC,39,CON,CON,29,9,1,0,0,0,0,0,0,0,0,0,0,0,0,0,,E07000092,2016,2030,http://www.rushmoor.gov.uk/councillors,2021-04-01
130,"South Lakeland",D3,LC,51,LD,LD,14,3,33,1,0,0,0,0,0,0,0,0,0,0,0,0,"E Cumbria shadow authority in 2022, S Lakeland to be abolished in 2023.",E07000031,2016,2023,http://democracy.southlakeland.gov.uk/mgMemberIndex.aspx?bcr=1,2021-10-01
210,"St Albans",D3,LC,58,LD,LD,23,2,30,1,0,0,0,0,0,0,0,0,0,0,2,0,,E07000240,2016,2030,http://stalbans.moderngov.co.uk/mgMemberIndex.aspx?FN=PARTY&VW=LIST&PIC=0,2021-04-01
211,Stevenage,D3,LC,39,LAB,LAB,10,22,7,0,0,0,0,0,0,0,0,0,0,0,0,0,,E07000243,2016,2030,http://democracy.stevenage.gov.uk/mgMemberIndex.aspx?bcr=1,2021-04-01
213,Tamworth,D3,LC,30,CON,CON,26,3,0,0,1,0,0,0,0,0,0,0,0,0,0,0,,E07000199,2016,2030,http://democracy.tamworth.gov.uk/mgFindMember.aspx?XXR=0&AC=USERSEARCH&,2021-04-01
214,Tandridge,D3,AA,42,NOC,IND,14,0,9,0,0,0,0,0,0,0,0,0,0,0,19,0,,E07000215,2016,2030,https://tandridge.moderngov.co.uk/mgMemberIndex.aspx,2021-06-18
215,"Three Rivers",D3,LC,39,LD,LD,11,3,23,0,0,0,0,0,0,0,0,0,0,0,2,0,,E07000102,2016,2030,http://www.threerivers.gov.uk/egcl-page/ward-councillors,2021-04-01
216,"Tunbridge Wells",D3,LC,48,CON,CON,23,5,13,0,0,0,0,0,0,0,0,0,0,0,6,1,,E07000116,2016,2030,http://democracy.tunbridgewells.gov.uk/mgMemberIndex.aspx?bcr=1,2021-11-14
217,Watford,D3,MC,36,LD,LD,0,10,24,0,0,0,0,0,0,0,0,0,0,0,2,0,,E07000103,2016,2030,http://watford.moderngov.co.uk/mgMemberIndex.aspx?FN=PARTY&VW=LIST&PIC=0,2021-04-01
218,"Welwyn Hatfield",D3,LC,48,CON,CON,27,9,11,0,0,0,0,0,0,0,0,0,0,0,0,1,,E07000241,2016,2030,https://democracy.welhat.gov.uk/mgMemberIndex.aspx?FN=ALPHA&VW=LIST&PIC=0,2021-10-31
219,"West Lancashire",D3,LC,54,NOC,"LAB min",20,26,0,0,0,0,0,0,0,0,0,0,0,0,8,0,,E07000127,2016,2030,https://democracy.westlancs.gov.uk/mgMemberIndex.aspx?bcr=1,2021-11-14
220,"West Oxfordshire",D3,LC,49,CON,CON,28,8,10,1,0,0,0,0,0,0,0,0,0,0,2,0,,E07000181,2016,2030,http://cmis.westoxon.gov.uk/cmis/Councillors.aspx,2021-03-30
222,Winchester,D3,LC,45,LD,LD,16,0,27,0,0,0,0,0,0,0,0,0,0,0,2,0,,E07000094,2016,2030,https://democracy.winchester.gov.uk/mgMemberIndex.aspx?bcr=1,2021-02-18
223,Woking,D3,LC,30,NOC,"CON min",13,3,12,0,0,0,0,0,0,0,0,0,0,0,2,0,,E07000217,2016,2030,https://moderngov.woking.gov.uk/mgMemberIndex.aspx?bcr=1,2021-02-18
224,Worcester,D3,LC,35,CON,CON,18,11,2,4,0,0,0,0,0,0,0,0,0,0,0,0,,E07000237,2016,2030,http://committee.worcester.gov.uk/mgMemberIndex.aspx?FN=WARD&J=2,2021-04-01
225,Worthing,D3,LC,37,CON,CON,18,15,3,0,0,0,0,0,0,0,0,0,0,0,0,1,,E07000229,2016,2030,https://www.adur-worthing.gov.uk/councillors-and-mps/councillors-worthing/,2021-11-01
227,"Barking and Dagenham",L1,LC,51,LAB,LAB,0,51,0,0,0,0,0,0,0,0,0,0,0,0,0,0,,E09000002,2016,2030,https://modgov.lbbd.gov.uk/Internet/mgMemberIndex.aspx,2021-06-11
228,Barnet,L1,LC,63,CON,CON,37,23,2,0,0,0,0,0,0,0,0,0,0,0,1,0,,E09000003,2016,2030,https://barnet.moderngov.co.uk/mgMemberIndex.aspx?bcr=1,2021-06-11
229,Bexley,L1,LC,45,CON,CON,34,10,0,0,0,0,0,0,0,0,0,0,0,0,1,0,,E09000004,2016,2030,http://democracy.bexley.gov.uk/mgMemberIndex.aspx?FN=PARTY&VW=LIST&PIC=0,2021-06-11
230,Brent,L1,LC,63,LAB,LAB,3,58,1,0,0,0,0,0,0,0,0,0,0,0,1,0,,E09000005,2016,2030,http://democracy.brent.gov.uk/mgMemberIndex.aspx?FN=PARTY&VW=LIST&PIC=0,2021-06-18
231,Bromley,L1,LC,60,CON,CON,50,8,0,0,0,0,0,0,0,0,0,0,0,0,2,0,,E09000006,2016,2030,http://cds.bromley.gov.uk/mgMemberIndex.aspx?FN=PARTY&VW=LIST&PIC=0,2021-06-11
232,Camden,L1,LC,54,LAB,LAB,7,42,3,2,0,0,0,0,0,0,0,0,0,0,0,0,,E09000007,2016,2030,http://democracy.camden.gov.uk/mgMemberIndex.aspx?FN=PARTY&VW=LIST&PIC=0,2021-10-14
233,Croydon,L1,LC,70,LAB,LAB,29,41,0,0,0,0,0,0,0,0,0,0,0,0,0,0,,E09000008,2016,2030,https://democracy.croydon.gov.uk/mgMemberIndex.aspx?FN=WARD&VW=LIST&PIC=0,2021-06-11
234,Ealing,L1,LC,69,LAB,LAB,8,57,4,0,0,0,0,0,0,0,0,0,0,0,0,0,,E09000009,2016,2030,http://ealing.cmis.uk.com/ealing/Councillors.aspx,2021-09-19
235,Enfield,L1,LC,63,LAB,LAB,18,38,0,2,0,0,0,0,0,0,0,0,0,0,5,0,,E09000010,2016,2030,https://governance.enfield.gov.uk/mgMemberIndex.aspx?FN=PARTY&VW=LIST&PIC=0,2021-10-01
236,Greenwich,L1,LC,51,LAB,LAB,9,42,0,0,0,0,0,0,0,0,0,0,0,0,0,0,,E09000011,2016,2030,http://www.royalgreenwich.gov.uk/info/200033/councillors_democracy_and_elections/598/find_your_councillor,2021-06-11
237,Hackney,L1,MC,57,LAB,"LAB Mayor",5,52,0,0,0,0,0,0,0,0,0,0,0,0,0,0,,E09000012,2016,2030,http://mginternet.hackney.gov.uk/mgMemberIndex.aspx?bcr=1,2021-06-11
238,"Hammersmith and Fulham",L1,LC,46,LAB,LAB,11,35,0,0,0,0,0,0,0,0,0,0,0,0,0,0,,E09000013,2016,2030,http://democracy.lbhf.gov.uk/mgMemberIndex.aspx?bcr=1,2021-10-01
239,Haringey,L1,LC,57,LAB,LAB,0,41,15,0,0,0,0,0,0,0,0,0,0,0,1,0,,E09000014,2016,2030,http://www.minutes.haringey.gov.uk/mgMemberIndex.aspx?FN=PARTY&VW=LIST&PIC=0,2021-06-18
240,Harrow,L1,LC,63,LAB,LAB,27,35,0,0,0,0,0,0,0,0,0,0,0,0,0,1,,E09000015,2016,2030,http://www.harrow.gov.uk/www2/mgMemberIndex.aspx?FN=PARTY&VW=LIST&PIC=0&J=1,2021-10-17
241,Havering,L1,LC,54,NOC,CON/IND,25,5,0,0,0,0,0,0,0,0,0,0,0,0,24,0,,E09000016,2016,2030,http://democracy.havering.gov.uk/mgMemberIndex.aspx?bcr=1,2021-04-01
242,Hillingdon,L1,LC,65,CON,CON,44,21,0,0,0,0,0,0,0,0,0,0,0,0,0,0,,E09000017,2016,2030,http://modgov.hillingdon.gov.uk/mgMemberIndex.aspx?FN=PARTY&VW=LIST&PIC=0,2021-06-11
243,Hounslow,L1,LC,60,LAB,LAB,10,49,0,0,0,0,0,0,0,0,0,0,0,0,1,0,,E09000018,2016,2030,https://democraticservices.hounslow.gov.uk/mgMemberIndex.aspx?FN=WARD&VW=LIST&PIC=0,2021-06-18
244,Islington,L1,LC,48,LAB,LAB,1,45,0,1,0,0,0,0,0,0,0,0,0,0,1,0,,E09000019,2016,2030,http://democracy.islington.gov.uk/mgMemberIndex.aspx?bcr=1,2021-07-06
245,"Kensington and Chelsea",L1,LC,50,CON,CON,35,13,1,0,0,0,0,0,0,0,0,0,0,0,1,0,,E09000020,2016,2030,https://www.rbkc.gov.uk/committees/Members/tabid/62/ScreenMode/Alphabetical/Default.aspx,2021-04-01
246,"Kingston upon Thames",L1,LC,48,LD,LD,9,0,37,1,0,0,0,0,0,0,0,0,0,0,1,0,,E09000021,2016,2030,https://moderngov.kingston.gov.uk/mgMemberIndex.aspx,2021-09-19
247,Lambeth,L1,LC,63,LAB,LAB,1,57,0,5,0,0,0,0,0,0,0,0,0,0,0,0,,E09000022,2016,2030,https://moderngov.lambeth.gov.uk/mgMemberIndex.aspx?FN=PARTY&VW=LIST&PIC=0,2021-02-18
248,Lewisham,L1,MC,54,LAB,"LAB Mayor",0,52,0,0,0,0,0,0,0,0,0,0,0,0,2,0,,E09000023,2016,2030,http://councilmeetings.lewisham.gov.uk/mgMemberIndex.aspx?FN=PARTY&VW=LIST&PIC=0,2021-06-11
249,Merton,L1,LC,60,LAB,LAB,17,34,6,0,0,0,0,0,0,0,0,0,0,0,3,0,,E09000024,2016,2030,http://democracy.merton.gov.uk/mgMemberIndex.aspx?bcr=1&FN=GROUPING&VW=LIST&PIC=0,2021-06-11
250,Newham,L1,MC,60,LAB,"LAB Mayor",0,60,0,0,0,0,0,0,0,0,0,0,0,0,0,0,,E09000025,2016,2030,https://mgov.newham.gov.uk/mgMemberIndex.aspx?FN=PARTY&VW=LIST&PIC=0,2021-06-11
251,Redbridge,L1,LC,63,LAB,LAB,11,51,0,0,0,0,0,0,0,0,0,0,0,0,1,0,,E09000026,2016,2030,http://moderngov.redbridge.gov.uk/mgFindMember.aspx?XXR=0&AC=USERSEARCH,2021-06-11
252,"Richmond upon Thames",L1,LC,54,LD,LD,11,0,40,3,0,0,0,0,0,0,0,0,0,0,0,0,,E09000027,2016,2030,https://cabnet.richmond.gov.uk/mgMemberIndex.aspx,2021-06-11
253,Southwark,L1,LC,63,LAB,LAB,0,49,14,0,0,0,0,0,0,0,0,0,0,0,0,0,,E09000028,2016,2030,http://moderngov.southwarksites.com/mgFindMember.aspx?XXR=0&AC=USERSEARCH&sPC=Enter%20postcode&,2021-06-18
254,Sutton,L1,LC,54,LD,LD,18,0,33,0,0,0,0,0,0,0,0,0,0,0,3,0,,E09000029,2016,2030,https://moderngov.sutton.gov.uk/mgMemberIndex.aspx?FN=PARTY&VW=LIST&PIC=0,2021-04-01
255,"Tower Hamlets",L1,LC,45,LAB,"LAB Mayor",1,39,1,0,0,0,0,0,0,0,0,0,0,0,4,0,,E09000030,2016,2030,http://democracy.towerhamlets.gov.uk/mgMemberIndex.aspx?bcr=1,2021-09-19
256,"Waltham Forest",L1,LC,60,LAB,LAB,14,46,0,0,0,0,0,0,0,0,0,0,0,0,0,0,,E09000031,2016,2030,https://democracy.walthamforest.gov.uk/mgFindMember.aspx?XXR=0&AC=USERSEARCH&sPC=Enter%20postcode,2021-06-11
257,Wandsworth,L1,LC,60,CON,CON,33,25,0,0,0,0,0,0,0,0,0,0,0,0,1,1,,E09000032,2016,2030,https://democracy.wandsworth.gov.uk/mgMemberIndex.aspx,2021-10-24
258,Westminster,L1,LC,60,CON,CON,41,19,0,0,0,0,0,0,0,0,0,0,0,0,0,0,,E09000033,2016,2030,http://committees.westminster.gov.uk/mgMemberIndex.aspx?bcr=11,2021-06-11
259,Birmingham,M1,LC,101,LAB,LAB,27,65,8,1,0,0,0,0,0,0,0,0,0,0,0,0,,E08000025,2016,2030,https://www.birmingham.gov.uk/councillors/name,2021-10-24
260,Doncaster,M1,MC,55,LAB,"LAB Mayor",11,40,0,0,0,0,0,0,0,0,0,0,0,0,4,0,,E08000017,2016,2030,http://doncaster.moderngov.co.uk/mgMemberIndex.aspx?FN=PARTY&VW=LIST&PIC=0,2021-04-01
278,Rotherham,M1,LC,59,LAB,LAB,18,32,3,0,0,0,0,0,0,0,0,0,0,0,4,2,,E08000018,2016,2030,https://moderngov.rotherham.gov.uk/mgMemberIndex.aspx?bcr=1,2021-11-14
279,Salford,M1,LC,60,LAB,"LAB Mayor",7,52,1,0,0,0,0,0,0,0,0,0,0,0,0,0,"Boundary changes for 2020. One-off all-up.",E08000006,2016,2030,http://www.salford.gov.uk/your-council/councillors/councillors-by-name/,2021-11-14
264,Barnsley,M3,LC,63,LAB,LAB,7,43,7,1,0,0,0,0,0,0,0,0,0,0,5,0,,E08000016,2016,2030,http://barnsleymbc.moderngov.co.uk/mgMemberIndex.aspx?FN=PARTY&VW=LIST&PIC=0,2021-04-01
265,Bolton,M3,LC,60,NOC,"CON min",21,18,5,0,1,0,0,0,0,0,0,0,0,0,15,0,,E08000001,2016,2030,http://democracy.bolton.gov.uk/cmis5/People.aspx,2021-11-01
266,Bradford,M3,LC,90,LAB,LAB,25,51,7,3,0,0,0,0,0,0,0,0,0,0,4,0,,E08000032,2016,2030,https://bradford.moderngov.co.uk/mgMemberIndex.aspx?FN=ALPHA&VW=LIST&PIC=0,2021-04-01
267,Bury,M3,LC,51,LAB,LAB,16,27,4,0,0,0,0,0,0,0,0,0,0,0,4,0,,E08000002,2016,2030,https://councildecisions.bury.gov.uk/mgMemberIndex.aspx?FN=WARD&VW=LIST&PIC=0,2021-07-25
268,Calderdale,M3,LC,51,LAB,LAB,16,28,5,0,0,0,0,0,0,0,0,0,0,0,2,0,,E08000033,2016,2030,http://www.calderdale.gov.uk/council/councillors/councillors/search/browse.jsp,2021-09-03
269,Coventry,M3,LC,54,LAB,LAB,16,38,0,0,0,0,0,0,0,0,0,0,0,0,0,0,,E08000026,2016,2030,http://www.coventry.gov.uk/councillors/name,2021-06-11
270,Dudley,M3,LC,72,CON,CON,46,24,0,0,0,0,0,0,0,0,0,0,0,0,2,0,,E08000027,2016,2030,http://councillors.dudley.gov.uk/conservative/,2021-03-28
271,Gateshead,M3,LC,66,LAB,LAB,0,52,13,0,0,0,0,0,0,0,0,0,0,0,1,0,,E08000037,2016,2030,http://democracy.gateshead.gov.uk/mgMemberIndex.aspx?bcr=1,2021-04-01
272,Kirklees,M3,LC,69,NOC,"LAB min",19,33,9,3,0,0,0,0,0,0,0,0,0,0,5,0,,E08000034,2016,2030,https://democracy.kirklees.gov.uk/mgMemberIndex.aspx,2021-08-03
273,Knowsley,M3,LC,45,LAB,LAB,0,33,3,5,0,0,0,0,0,0,0,0,0,0,3,1,,E08000011,2016,2030,http://councillors.knowsley.gov.uk/mgMemberIndex.aspx?FN=PARTY&VW=LIST&PIC=0,2021-11-14
261,Leeds,M3,LC,99,LAB,LAB,24,53,8,3,0,0,0,0,0,0,0,0,0,0,11,0,,E08000035,2016,2030,http://democracy.leeds.gov.uk/mgMemberIndex.aspx?FN=PARTY&VW=LIST&PIC=0,2021-06-18
274,Liverpool,M3,MC,90,LAB,"LAB Mayor",0,67,12,4,0,0,0,0,0,0,0,0,0,0,4,3,,E08000012,2016,2030,http://councillors.liverpool.gov.uk/mgMemberIndex.aspx?FN=PARTY&VW=LIST&PIC=0,2021-10-17
262,Manchester,M3,LC,96,LAB,LAB,0,93,1,1,0,0,0,0,0,0,0,0,0,0,0,1,,E08000003,2016,2030,https://democracy.manchester.gov.uk/mgFindMember.aspx?XXR=0&AC=USERSEARCH&sPC=Enter%20postcode,2021-10-17
263,"Newcastle upon Tyne",M3,LC,78,LAB,LAB,0,52,20,0,0,0,0,0,0,0,0,0,0,0,6,0,,E08000021,2016,2030,http://democracy.newcastle.gov.uk/mgFindMember.aspx?XXR=0&AC=USERSEARCH,2021-09-19
275,"North Tyneside",M3,MC,60,LAB,LAB,9,51,0,0,0,0,0,0,0,0,0,0,0,0,0,0,,E08000022,2016,2030,http://my.northtyneside.gov.uk/category/312/councillors,2021-09-19
276,Oldham,M3,LC,60,LAB,LAB,8,40,8,0,0,0,0,0,0,0,0,0,0,0,4,0,,E08000004,2016,2030,http://www.oldham.gov.uk/councillors/name,2021-04-01
277,Rochdale,M3,LC,60,LAB,LAB,11,45,3,0,0,0,0,0,0,0,0,0,0,0,1,0,,E08000005,2016,2030,http://democracy.rochdale.gov.uk/mgMemberIndex.aspx?FN=PARTY&VW=LIST&PIC=0,2021-11-14
280,Sandwell,M3,LC,72,LAB,LAB,10,60,0,0,0,0,0,0,0,0,0,0,0,0,2,0,,E08000028,2016,2030,https://cmis.sandwell.gov.uk/cmis5/People/tabid/62/ScreenMode/Alphabetical/Default.aspx,2021-11-14
281,Sefton,M3,LC,66,LAB,LAB,8,48,8,0,0,0,0,0,0,0,0,0,0,0,2,0,,E08000014,2016,2030,https://modgov.sefton.gov.uk/mgMemberIndex.aspx?FN=PARTY&VW=LIST&PIC=0,2021-04-01
282,Sheffield,M3,LC,84,NOC,LAB/GRN,1,41,29,13,0,0,0,0,0,0,0,0,0,0,0,0,,E08000019,2016,2030,http://democracy.sheffield.gov.uk/mgMemberIndex.aspx?bcr=1,2021-09-19
283,Solihull,M3,LC,51,CON,CON,29,2,3,15,0,0,0,0,0,0,0,0,0,0,2,0,,E08000029,2016,2030,http://eservices.solihull.gov.uk/mgInternet/mgMemberIndex.aspx?bcr=1,2021-10-01
284,"South Tyneside",M3,LC,54,LAB,LAB,2,44,0,3,0,0,0,0,0,0,0,0,0,0,5,0,,E08000023,2016,2030,https://www.southtyneside.gov.uk/article/59877/Councillors,2021-09-19
285,"St. Helens",M3,LC,48,LAB,LAB,3,34,4,3,0,0,0,0,0,0,0,0,0,0,4,0,,E08000013,2016,2030,http://moderngov.sthelens.gov.uk/mgMemberIndex.aspx?FN=PARTY&VW=LIST&PIC=0,2021-04-26
286,Stockport,M3,LC,63,NOC,"LAB min",8,25,26,1,0,0,0,0,0,0,0,0,0,0,3,0,,E08000007,2016,2030,http://democracy.stockport.gov.uk/mgMemberIndex.aspx?bcr=1,2021-04-01
287,Sunderland,M3,LC,75,LAB,LAB,19,42,12,0,0,0,0,0,0,0,0,0,0,0,2,0,,E08000024,2016,2030,https://committees.sunderland.gov.uk/committees/cmis5/Members.aspx,2021-10-01
288,Tameside,M3,LC,57,LAB,LAB,6,50,0,1,0,0,0,0,0,0,0,0,0,0,0,0,,E08000008,2016,2030,http://tameside.moderngov.co.uk/mgMemberIndex.aspx?FN=ALPHA,2021-02-24
289,Trafford,M3,LC,63,LAB,LAB,17,40,3,3,0,0,0,0,0,0,0,0,0,0,0,0,,E08000009,2016,2030,https://democratic.trafford.gov.uk/mgMemberIndex.aspx?bcr=1,2021-04-01
290,Wakefield,M3,LC,63,LAB,LAB,17,43,2,0,0,0,0,0,0,0,0,0,0,0,1,0,,E08000036,2016,2030,http://mg.wakefield.gov.uk/mgMemberIndex.aspx?FN=ALPHA&VW=LIST&PIC=0,2021-04-01
291,Walsall,M3,LC,60,CON,CON,37,20,0,0,0,0,0,0,0,0,0,0,0,0,2,1,,E08000030,2016,2030,https://cmispublic.walsall.gov.uk/cmis/Councillors.aspx,2021-11-14
292,Wigan,M3,LC,75,LAB,LAB,8,57,0,0,0,0,0,0,0,0,0,0,0,0,9,1,,E08000010,2016,2030,http://democracy.wigan.gov.uk/mgMemberIndex.aspx?FN=PARTY&VW=LIST&PIC=0,2021-10-24
293,Wirral,M3,CO,66,NOC,"LAB min",23,30,5,5,0,0,0,0,0,0,0,0,0,0,2,1,,E08000015,2016,2030,http://democracy.wirral.gov.uk/mgMemberIndex.aspx?FN=PARTY&VW=LIST&PIC=0,2021-10-24
294,Wolverhampton,M3,LC,60,LAB,LAB,16,42,0,0,0,0,0,0,0,0,0,0,0,0,2,0,,E08000031,2016,2030,http://wolverhampton.moderngov.co.uk/mgMemberIndex.aspx?FN=ALPHA&VW=LIST&PIC=0,2021-10-31
1001,"Antrim and Newtownabbey",N1,,40,NOC,,0,0,0,0,0,0,0,12,5,9,4,7,0,0,2,1,,,2016,2030,http://www.antrimandnewtownabbey.gov.uk/Council/Your-Councillors?utm_source=PP&utm_medium=web&utm_campaign=Councillors&utm_content=9,2021-10-21
1002,"Armagh City, Banbridge and Craigavon",N1,,41,NOC,,0,0,0,0,0,0,0,9,10,10,6,3,0,0,2,1,,,2016,2030,https://www.armaghbanbridgecraigavon.gov.uk/councillors/,2021-07-30
1003,Belfast,N1,,60,NOC,,0,0,0,4,0,0,0,14,18,2,6,10,0,0,6,0,,,2016,2030,https://minutes3.belfastcity.gov.uk/mgMemberIndex.aspx?FN=PARTY&VW=LIST&PIC=0,2020-03-01
1004,"Causeway Coast and Glens",N1,,40,NOC,,0,0,0,0,0,0,0,13,9,6,4,2,0,0,6,0,,,2016,2030,https://www.causewaycoastandglens.gov.uk/council/councillors,2021-07-01
1005,"Derry and Strabane",N1,,40,NOC,,0,0,0,0,0,0,0,6,11,3,11,2,0,0,7,0,,,2016,2030,http://meetings.derrycityandstrabanedistrict.com/mgMemberIndex.aspx?FN=PARTY&VW=LIST&PIC=0,2021-07-07
1006,"Fermanagh and Omagh",N1,,40,NOC,,0,0,0,0,0,0,0,5,14,10,5,1,0,0,5,0,,,2016,2030,http://www.fermanaghomagh.com/your-council/councillors/,2021-10-21
1007,"Lisburn and Castlereagh",N1,,40,NOC,,0,0,0,1,0,0,0,14,2,11,2,9,0,0,1,0,,,2016,2030,https://www.lisburncastlereagh.gov.uk/council/elected-members,2021-10-21
1008,"Mid and East Antrim",N1,,40,NOC,,0,0,0,0,0,0,0,16,2,6,1,7,0,0,8,0,,,2016,2030,https://www.midandeastantrim.gov.uk/council/councillors,2020-11-10
1009,Mid-Ulster,N1,,40,NOC,,0,0,0,0,0,0,0,9,17,6,5,0,0,0,3,0,,,2016,2030,https://mid-ulster.cmis-ni.org/Midulster/Councillors.aspx,2020-03-01
1010,"Newry, Mourne and Down",N1,,41,NOC,,0,0,0,0,0,0,0,3,16,3,11,2,0,0,6,0,,,2016,2030,http://www.newrymournedown.org/your-councillors,2021-11-01
1011,"North Down and Ards",N1,,40,NOC,,0,0,0,3,0,0,0,13,0,8,1,10,0,0,4,1,,,2016,2030,http://www.ardsandnorthdown.gov.uk/about-the-council/find-my-councillor/view-all,2021-07-30
295,Aberdeen,S1,,45,NOC,CON/LAB/IND,10,9,3,0,0,0,19,0,0,0,0,0,0,0,4,0,,S30000026,2016,2030,http://committees.aberdeencity.gov.uk/mgMemberIndex.aspx?FN=PARTY&VW=LIST&PIC=0,2021-02-28
296,Aberdeenshire,S1,,70,NOC,CON/LD/IND,20,1,13,1,0,0,16,0,0,0,0,0,0,0,19,0,,S30000027,2016,2030,http://committees.aberdeenshire.gov.uk/Committees.aspx?councillors=1,2021-09-01
297,Angus,S1,,28,NOC,CON/IND/LD,8,0,1,0,0,0,9,0,0,0,0,0,0,0,10,0,,S30000001,2016,2030,https://www.angus.gov.uk/councillors,2021-06-18
298,"Argyll and Bute",S1,,36,NOC,CON/LD/IND,9,0,5,0,0,0,11,0,0,0,0,0,0,0,10,1,,S30000036,2016,2030,https://www.argyll-bute.gov.uk/councillor_list,2021-11-14
299,Clackmannanshire,S1,,18,NOC,"SNP min",4,5,0,0,0,0,8,0,0,0,0,0,0,0,1,0,,S30000003,2016,2030,http://www.clacks.gov.uk/council/wards/,2021-04-01
300,"Dumfries and Galloway",S1,,43,NOC,LAB/SNP,16,9,1,0,0,0,10,0,0,0,0,0,0,0,7,0,,S30000016,2016,2030,https://dumfriesgalloway.moderngov.co.uk/mgMemberIndex.aspx?bcr=1,2021-04-01
301,Dundee,S1,,29,NOC,"SNP min",3,8,2,0,0,0,13,0,0,0,0,0,0,0,3,0,,S30000002,2016,2030,https://www.dundeecity.gov.uk/councillors/cllorsurname/,2021-06-18
302,"East Ayrshire",S1,,32,NOC,"SNP min",6,9,0,0,0,0,14,0,0,0,0,0,0,0,3,0,,S30000017,2016,2030,https://www.east-ayrshire.gov.uk/CouncilAndGovernment/About-the-Council/Councillors-and-Provost/YourCouncillor.aspx,2021-04-01
303,"East Dunbartonshire",S1,,22,NOC,LD/CON,5,2,6,0,0,0,7,0,0,0,0,0,0,0,1,1,,S30000015,2016,2030,https://www.eastdunbarton.gov.uk/council/committees-councillors/councillors-2017,2021-11-14
304,"East Lothian",S1,,22,NOC,"LAB min",7,8,0,0,0,0,6,0,0,0,0,0,0,0,0,1,,S30000005,2016,2030,http://www.eastlothian.gov.uk/councillors/name,2021-10-31
305,"East Renfrewshire",S1,,18,NOC,SNP/LAB,5,4,1,0,0,0,5,0,0,0,0,0,0,0,3,0,,S30000020,2016,2030,https://www.eastrenfrewshire.gov.uk/Find-my-councillor,2021-02-28
306,Edinburgh,S1,,63,NOC,SNP/LAB,17,11,6,7,0,0,16,0,0,0,0,0,0,0,5,1,,S30000008,2016,2030,https://democracy.edinburgh.gov.uk/mgMemberIndex.aspx?bcr=1,2021-10-24
308,Falkirk,S1,,30,NOC,"SNP min",7,8,0,0,0,0,13,0,0,0,0,0,0,0,2,0,,S30000009,2016,2030,http://www.falkirk.gov.uk/services/council-democracy/councillors-decision-making/councillors/,2021-10-17
309,Fife,S1,,75,NOC,SNP/LAB,14,23,7,0,0,0,29,0,0,0,0,0,0,0,2,0,,S30000004,2016,2030,http://www.fifedirect.org.uk/news/index.cfm?fuseaction=cllr.home,2021-03-21
310,Glasgow,S1,,85,NOC,"SNP min",7,30,0,6,0,0,35,0,0,0,0,0,0,0,7,0,,S30000019,2016,2030,http://www.glasgow.gov.uk/councillorsandcommittees/allMembers.asp?sort=0&page=0&rec=78,2021-06-18
311,Highland,S1,,74,NOC,IND/LD/LAB,9,3,11,1,0,0,18,0,0,0,0,0,0,0,30,2,,,2016,2030,http://www.highland.gov.uk/councillors/name,2021-10-31
312,Inverclyde,S1,,22,NOC,"LAB min",2,8,1,0,0,0,6,0,0,0,0,0,0,0,5,0,,S30000022,2016,2030,http://www.inverclyde.gov.uk/meetings/councillors,2021-04-01
313,Midlothian,S1,,18,NOC,"LAB min",5,6,0,0,0,0,7,0,0,0,0,0,0,0,0,0,,S30000006,2016,2030,https://midlothian.cmis.uk.com/Live/Councillors.aspx,2021-03-28
314,Moray,S1,,26,NOC,"SNP min",9,1,0,0,0,0,8,0,0,0,0,0,0,0,8,0,,,2016,2030,https://moray.cmis.uk.com/moray/CouncilandGovernance/Councillors.aspx,2021-04-01
307,"Na h-Eileanan Siar",S1,,31,IND,IND,1,0,0,0,0,0,6,0,0,0,0,0,0,0,24,0,,S30000039,2016,2030,https://www.cne-siar.gov.uk/your-council/wards-and-councillors/council-members/,2021-04-01
315,"North Ayrshire",S1,,33,NOC,"LAB min",8,11,0,0,0,0,9,0,0,0,0,0,0,0,5,0,,S30000018,2016,2030,https://north-ayrshire.cmis.uk.com/North-Ayrshire/-ayrshire.cmis.uk.com/north-ayrshire/Councillors/CurrentCouncillors/tabid/98/ScreenMode/Alphabetical/Default.aspx,2021-08-19
316,"North Lanarkshire",S1,,77,NOC,"LAB min",8,31,0,0,0,0,26,0,0,0,0,0,0,0,12,0,,S30000023,2016,2030,https://mars.northlanarkshire.gov.uk/egenda/public/main.pl?op=ListCurrentMembers,2021-08-19
317,"Orkney Islands",S1,,21,IND,IND,0,0,0,1,0,0,0,0,0,0,0,0,0,0,20,0,,S30000040,2016,2030,http://www.orkney.gov.uk/Council/Councillors/councillor-profiles.htm,2021-04-01
318,"Perth and Kinross",S1,,40,NOC,CON/IND,18,1,5,0,0,0,13,0,0,0,0,0,0,0,3,0,,S30000010,2016,2030,https://perth-and-kinross.cmis.uk.com/perth-and-kinross/Councillors/OverviewofCouncillors.aspx,2021-06-18
319,Renfrewshire,S1,,43,NOC,"SNP min",8,12,1,0,0,0,19,0,0,0,0,0,0,0,2,1,,S30000021,2016,2030,http://renfrewshire.cmis.uk.com/renfrewshire/Councillors.aspx,2021-11-14
320,"Scottish Borders",S1,,34,NOC,CON/IND,15,0,2,0,0,0,8,0,0,0,0,0,0,0,9,0,,S30000007,2016,2030,https://www.scotborders.gov.uk/councillors/name,2021-04-26
321,Shetland,S1,,22,IND,IND,0,0,0,0,0,0,1,0,0,0,0,0,0,0,21,0,,S30000041,2016,2030,http://www.shetland.gov.uk/about_your_councillors/,2021-02-28
322,"South Ayrshire",S1,,28,NOC,SNP/LAB/IND,12,5,0,0,0,0,9,0,0,0,0,0,0,0,2,0,,S30000024,2016,2030,http://www.south-ayrshire.gov.uk/councillors/all/,2021-04-01
323,"South Lanarkshire",S1,,64,NOC,"SNP min",11,17,3,0,0,0,25,0,0,0,0,0,0,0,8,0,,S30000025,2016,2030,https://southlanarkshire.cmis.uk.com/southlanarkshire/Councillors.aspx,2021-10-22
324,Stirling,S1,,23,NOC,SNP/LAB,9,4,0,1,0,0,7,0,0,0,0,0,0,0,2,0,,S30000011,2016,2030,https://my.stirling.gov.uk/council-democracy/politicians-elections-democracy/your-councillors/,2021-06-11
325,"West Dunbartonshire",S1,,22,NOC,SNP/IND1,2,8,0,0,0,0,9,0,0,0,0,0,0,0,3,0,,S30000014,2016,2030,http://www.west-dunbarton.gov.uk/council/councillors-and-committees/councillor/councillors-by-name/,2021-03-30
326,"West Lothian",S1,,33,NOC,"LAB min",8,10,0,0,0,0,14,0,0,0,0,0,0,0,1,0,,S30000012,2016,2030,https://www.westlothian.gov.uk/councillors,2021-10-31
327,"Bath and North East Somerset",U1,,59,LD,LD,10,5,36,1,0,0,0,0,0,0,0,0,0,0,7,0,,E06000022,2016,2030,https://democracy.bathnes.gov.uk/mgMemberIndex.aspx?FN=PARTY&VW=LIST&PIC=0,2021-06-24
328,Bedford,U1,,40,NOC,"LD Mayor",12,11,14,2,0,0,0,0,0,0,0,0,0,0,1,0,,E06000055,2016,2030,http://www.councillorsupport.bedford.gov.uk/mgFindMember.aspx?XXR=0&AC=USERSEARCH&sPC=Enter%20postcode&,2021-11-01
329,Blackpool,U1,,42,NOC,"LAB min",16,21,0,0,0,0,0,0,0,0,0,0,0,0,5,0,,E06000009,2016,2030,http://democracy.blackpool.gov.uk/mgMemberIndex.aspx?FN=ALPHA&VW=LIST&PIC=0,2021-07-08
409,"Bournemouth, Christchurch and Poole",U1,,76,CON,CON,41,3,13,2,1,0,0,0,0,0,0,0,0,0,16,0,,,2019,2030,https://democracy.bcpcouncil.gov.uk/mgMemberIndex.aspx?bcr=1,2021-10-01
331,"Bracknell Forest",U1,,42,CON,CON,37,3,1,0,0,0,0,0,0,0,0,0,0,0,0,1,,E06000036,2016,2030,http://democratic.bracknell-forest.gov.uk/mgMemberIndex.aspx?FN=PARTY&VW=LIST&PIC=0,2021-11-14
332,"Brighton and Hove",U1,,54,NOC,"GRN min",13,16,0,20,0,0,0,0,0,0,0,0,0,0,5,0,,E06000043,2016,2030,http://present.brighton-hove.gov.uk/mgMemberIndex.aspx?FN=PARTY&VW=LIST&PIC=0,2021-08-19
366,Bristol,U1,,70,NOC,"LAB Mayor",14,24,8,24,0,0,0,0,0,0,0,0,0,0,0,0,,E06000023,2016,2030,https://democracy.bristol.gov.uk/mgFindMember.aspx?XXR=0&AC=USERSEARCH,2021-06-12
333,"Central Bedfordshire",U1,,59,CON,CON,42,1,3,0,0,0,0,0,0,0,0,0,0,0,13,0,,E06000056,2016,2030,http://centralbeds.moderngov.co.uk/mgMemberIndex.aspx?bcr=1,2020-10-22
334,"Cheshire East",U1,,82,NOC,LAB/IND,31,25,4,0,0,0,0,0,0,0,0,0,0,0,22,0,,E06000049,2016,2030,http://moderngov.cheshireeast.gov.uk/ecminutes/mgMemberIndex.aspx?FN=PARTY&VW=LIST&PIC=0,2021-09-03
335,"Cheshire West and Chester",U1,,70,NOC,"LAB min",29,35,2,1,0,0,0,0,0,0,0,0,0,0,3,0,,E06000050,2016,2030,http://cmttpublic.cheshirewestandchester.gov.uk/mgMemberIndex.aspx?FN=PARTY&VW=LIST&PIC=0,2021-06-11
336,Cornwall,U1,LC,87,CON,CON,47,5,13,1,0,0,0,0,0,0,0,0,0,0,21,0,,E06000052,2016,2030,https://democracy.cornwall.gov.uk/mgMemberIndex.aspx?FN=PARTY&VW=LIST&PIC=0,2021-04-01
337,Darlington,U1,,50,NOC,"CON min",24,16,3,2,0,0,0,0,0,0,0,0,0,0,5,0,,E06000005,2016,2030,https://democracy.darlington.gov.uk//mgMemberIndex.aspx?bcr=1,2021-07-08
408,Dorset,U1,,82,CON,CON,43,1,29,4,0,0,0,0,0,0,0,0,0,0,5,0,,,2019,2030,https://moderngov.dorsetcouncil.gov.uk/mgMemberIndex.aspx?bcr=1,2021-08-01
338,Durham,U1,LC,126,NOC,IND/CON/LD,24,53,17,1,0,0,0,0,0,0,0,0,0,0,30,1,,E06000047,2016,2030,https://democracy.durham.gov.uk/mgMemberIndex.aspx?FN=PARTY&VW=LIST&PIC=0,2021-11-14
339,"East Riding of Yorkshire",U1,,67,CON,CON,48,0,9,0,0,0,0,0,0,0,0,0,0,0,10,0,,E06000011,2016,2030,http://www2.eastriding.gov.uk/council/councillors-and-members-of-parliament/councillor-finder/,2021-09-01
368,Halton,U1,,54,LAB,LAB,3,46,3,1,0,0,0,0,0,0,0,0,0,0,0,1,"54 seats from 2020. One-off all-up.",E06000006,2016,2030,http://councillors.halton.gov.uk/mgMemberIndex.aspx?FN=ALPHA&VW=LIST&PIC=0,2021-10-24
369,Hartlepool,U1,,36,NOC,IND/CON,13,11,0,0,0,0,0,0,0,0,0,0,0,0,12,0,"36 seats from 2020. One-off all-up.",E06000001,2016,2030,https://www.hartlepool.gov.uk/councillors/name,2021-03-22
340,Herefordshire,U1,,53,NOC,IND/GRN,14,0,7,7,0,0,0,0,0,0,0,0,0,0,25,0,,E06000019,2016,2030,http://councillors.herefordshire.gov.uk/mgMemberIndex.aspx?FN=PARTY&VW=LIST&PIC=0&J=2&zTS=undefined,2021-06-11
342,"Isle of Wight",U1,LC,39,NOC,IND/GRN,18,1,1,2,0,0,0,0,0,0,0,0,0,0,17,0,,E06000046,2016,2030,https://www.iwight.com/councillor/azCouncillors.aspx,2021-03-11
343,Leicester,U1,,54,LAB,"LAB Mayor",1,52,1,0,0,0,0,0,0,0,0,0,0,0,0,0,,E06000016,2016,2030,http://www.cabinet.leicester.gov.uk/mgMemberIndex.aspx?FN=ALPHA&VW=LIST&PIC=0,2021-07-30
344,Luton,U1,,48,LAB,LAB,3,32,13,0,0,0,0,0,0,0,0,0,0,0,0,0,,E06000032,2016,2030,http://democracy.luton.gov.uk/cmis5public/Councillors.aspx,2021-11-01
345,Medway,U1,,55,CON,CON,32,20,0,0,0,0,0,0,0,0,0,0,0,0,2,1,,E06000035,2016,2030,https://democracy.medway.gov.uk/mgMemberIndex.aspx?FN=PARTY&VW=LIST&PIC=0,2021-11-14
346,Middlesbrough,U1,,46,NOC,"IND Mayor",3,18,0,0,0,0,0,0,0,0,0,0,0,0,24,1,,E06000002,2016,2030,https://www.middlesbrough.gov.uk/mayor-council-and-councillors/councillors-and-council-meetings/councillors,2021-11-14
347,"North Lincolnshire",U1,,43,CON,CON,28,14,0,0,0,0,0,0,0,0,0,0,0,0,1,0,,E06000013,2016,2030,http://www.northlincs.gov.uk/your-council/have-your-say/councillors-and-mps/councillors/,2021-06-11
348,"North Somerset",U1,,50,NOC,IND/LD/LAB/GRN,13,6,10,4,0,0,0,0,0,0,0,0,0,0,17,0,,E06000024,2016,2030,http://www.n-somerset.gov.uk/my-council/councillors/councillor/find-your-councillors/list-of-councillors/,2021-07-30
349,Northumberland,U1,LC,67,NOC,"CON min",33,21,3,2,0,0,0,0,0,0,0,0,0,0,7,1,,E07000154,2016,2030,http://committee.northumberland.gov.uk/CouncillorSearch.aspx,2021-11-14
350,Nottingham,U1,,55,LAB,LAB,2,50,0,0,0,0,0,0,0,0,0,0,0,0,3,0,,E06000018,2016,2030,http://www.nottinghamcity.gov.uk/about-the-council/councillors-and-leadership/find-a-councillor/,2021-10-17
352,"Redcar and Cleveland",U1,,59,NOC,IND/LD,6,14,13,0,0,0,0,0,0,0,0,0,0,0,26,0,,E06000003,2016,2030,https://www.redcar-cleveland.gov.uk/about-the-council/councillors/Pages/Your-Councillor.aspx?search=Name,2021-06-11
353,Rutland,U1,,27,CON,CON,13,1,4,1,0,0,0,0,0,0,0,0,0,0,7,1,,E06000017,2016,2030,http://rutlandcounty.moderngov.co.uk/mgMemberIndex.aspx?FN=PARTY&VW=LIST&PIC=0,2021-11-14
354,Shropshire,U1,LC,74,CON,CON,43,9,14,4,0,0,0,0,0,0,0,0,0,0,4,0,,E06000051,2016,2030,http://shropshire.gov.uk/committee-services/mgMemberIndex.aspx?FN=PARTY,2021-04-01
355,"South Gloucestershire",U1,CO,61,CON,CON,33,11,17,0,0,0,0,0,0,0,0,0,0,0,0,0,,E06000025,2016,2030,https://council.southglos.gov.uk/mgMemberIndex.aspx?FN=PARTY&VW=LIST&PIC=0,2021-06-11
356,Stockton-on-Tees,U1,,56,NOC,"LAB min",16,24,1,0,0,0,0,0,0,0,0,0,0,0,15,0,,E06000004,2016,2030,http://www.egenda.stockton.gov.uk/aksstockton/users/public/admin/main.pl?op=ListCurrentMembers,2021-06-11
357,Stoke-on-Trent,U1,,44,NOC,"CON min",22,13,0,0,0,0,0,0,0,0,0,0,0,0,9,0,,E06000021,2016,2030,http://www.moderngov.stoke.gov.uk/mgMemberIndex.aspx?FN=PARTY&VW=LIST&PIC=0,2021-07-06
358,"Telford and Wrekin",U1,,54,LAB,LAB,14,35,4,0,0,0,0,0,0,0,0,0,0,0,1,0,,E06000020,2016,2030,https://democracy.telford.gov.uk/mgMemberIndex.aspx?bcr=1,2021-06-12
359,Torbay,U1,,36,NOC,LD/IND,14,0,12,0,0,0,0,0,0,0,0,0,0,0,10,0,,E06000027,2016,2030,http://www.torbay.gov.uk/DemocraticServices/mgMemberIndex.aspx?FN=PARTY&VW=LIST&PIC=0,2021-06-12
360,Warrington,U1,LC,58,LAB,LAB,11,35,8,0,0,0,0,0,0,0,0,0,0,0,4,0,,E06000007,2016,2030,https://www.warrington.gov.uk/councillors/name,2021-06-12
361,"West Berkshire",U1,,43,CON,CON,23,0,16,3,0,0,0,0,0,0,0,0,0,0,0,1,,E06000037,2016,2030,http://decisionmaking.westberks.gov.uk/mgMemberIndex.aspx?VW=TABLE&PIC=1&FN=ALPHA,2021-11-14
362,Wiltshire,U1,,98,CON,CON,61,3,27,0,0,0,0,0,0,0,0,0,0,0,7,0,,E06000054,2016,2030,http://cms.wiltshire.gov.uk/mgMemberIndex.aspx?FN=PARTY&VW=LIST&PIC=0,2021-02-24
363,"Windsor and Maidenhead",U1,,41,CON,CON,22,0,10,0,0,0,0,0,0,0,0,0,0,0,9,0,,E06000040,2016,2030,http://rbwm.moderngov.co.uk/mgMemberIndex.aspx?FN=PARTY&VW=LIST&PIC=0,2021-04-01
364,York,U1,,47,NOC,LD/GRN,2,17,21,3,0,0,0,0,0,0,0,0,0,0,4,0,,E06000014,2016,2030,http://democracy.york.gov.uk/mgMemberIndex.aspx,2020-10-15
365,"Blackburn with Darwen",U3,,51,LAB,LAB,13,35,1,0,0,0,0,0,0,0,0,0,0,0,2,0,,E06000008,2016,2030,https://democracy.blackburn.gov.uk/mgFindMember.aspx?XXR=0&AC=USERSEARCH,2021-06-18
367,Derby,U3,,51,NOC,"CON min",21,13,8,0,0,0,0,0,0,0,0,0,0,0,9,0,,E06000015,2016,2030,https://cmis.derby.gov.uk/cmis5/Councillors/tabid/62/ScreenMode/Alphabetical/Default.aspx,2021-03-07
341,"Kingston upon Hull",U3,,57,LAB,LAB,1,30,25,0,0,0,0,0,0,0,0,0,0,0,1,0,,E06000010,2016,2030,https://cmis.hullcc.gov.uk/cmis/CouncillorsandSeniorOfficers/CouncillorsandSeniorOfficers.aspx,2021-08-03
370,"Milton Keynes",U3,,57,NOC,LAB/LD,18,22,15,0,0,0,0,0,0,0,0,0,0,0,2,0,,E06000042,2016,2030,http://milton-keynes.cmis.uk.com/milton-keynes/Councillors.aspx,2021-06-12
371,"North East Lincolnshire",U3,,42,CON,CON,32,7,3,0,0,0,0,0,0,0,0,0,0,0,0,0,,E06000012,2016,2030,https://www.nelincs.gov.uk/your-council/councillors-mps-and-meps/find-your-councillor/councillors-by-party/,2021-07-06
372,Peterborough,U3,,60,NOC,"CON min",29,17,8,3,0,0,0,0,0,0,0,0,0,0,3,0,,E06000031,2016,2030,http://democracy.peterborough.gov.uk/mgMemberIndex.aspx?FN=PARTY&VW=LIST&PIC=0,2021-06-18
373,Plymouth,U3,,57,NOC,"CON min",25,23,0,0,0,0,0,0,0,0,0,0,0,0,9,0,,E06000026,2016,2030,https://democracy.plymouth.gov.uk/mgMemberIndex.aspx?FN=WARD&VW=LIST&PIC=0,2021-11-14
374,Portsmouth,U3,,42,NOC,"LD min",17,7,15,0,0,0,0,0,0,0,0,0,0,0,3,0,,E06000044,2016,2030,http://democracy.portsmouth.gov.uk/mgMemberIndex.aspx?FN=PARTY&VW=LIST&PIC=0,2021-07-01
375,Reading,U3,,46,LAB,LAB,10,29,2,5,0,0,0,0,0,0,0,0,0,0,0,0,,E06000038,2016,2030,http://www.reading.gov.uk/cllrdavidabsolom,2021-03-28
376,Slough,U3,,42,LAB,LAB,5,35,0,0,0,0,0,0,0,0,0,0,0,0,2,0,,E06000039,2016,2030,http://democracy.slough.gov.uk/mgMemberIndex.aspx?FN=WARD&VW=LIST&PIC=0,2021-10-01
377,Southampton,U3,,48,CON,CON,25,23,0,0,0,0,0,0,0,0,0,0,0,0,0,0,,E06000045,2016,2030,http://www.southampton.gov.uk/modernGov/mgMemberIndex.aspx?bcr=1,2021-04-01
378,Southend-on-Sea,U3,,51,NOC,LAB/IND/LD,23,13,5,0,0,0,0,0,0,0,0,0,0,0,10,0,,E06000033,2016,2030,http://democracy.southend.gov.uk/mgMemberIndex.aspx?FN=PARTY&VW=LIST&PIC=0,2021-04-14
379,Swindon,U3,,57,CON,CON,37,20,0,0,0,0,0,0,0,0,0,0,0,0,0,0,,E06000030,2016,2030,http://ww5.swindon.gov.uk/moderngov/mgMemberIndex.aspx?FN=PARTY&VW=LIST&PIC=0&J=2,2021-06-25
380,Thurrock,U3,,49,CON,CON,29,16,0,0,0,0,0,0,0,0,0,0,0,0,4,0,,E06000034,2016,2030,https://www.thurrock.gov.uk/current-councillors,2020-05-24
381,Wokingham,U3,,54,CON,CON,31,2,18,0,0,0,0,0,0,0,0,0,0,0,3,0,,E06000041,2016,2030,http://wokingham.moderngov.co.uk/mgMemberIndex.aspx?FN=PARTY&VW=LIST&PIC=0,2021-08-19
382,"Blaenau Gwent",W1,,41,IND,IND,0,12,0,0,0,0,0,0,0,0,0,0,0,0,29,0,,W06000019,2016,2030,https://www.blaenau-gwent.gov.uk/en/council/councillors-and-committees/councillor-directory/,2021-04-02
383,Bridgend,W1,,54,NOC,"LAB min",7,24,1,0,0,2,0,0,0,0,0,0,0,0,19,1,,W06000013,2016,2030,https://democratic.bridgend.gov.uk/mgMemberIndex.aspx?FN=ALPHA&VW=TABLE&PIC=1,2021-11-14
384,Caerphilly,W1,,73,LAB,LAB,0,49,0,0,0,18,0,0,0,0,0,0,0,0,6,0,,W06000018,2016,2030,http://www.democracy.caerphilly.gov.uk/mgMemberIndex.aspx?VW=TABLE&PIC=1&FN=,2021-08-05
385,Cardiff,W1,,75,LAB,LAB,21,39,11,0,0,0,0,0,0,0,0,0,0,0,4,0,,W06000015,2016,2030,http://cardiff.moderngov.co.uk/mgMemberIndex.aspx?FN=PARTY&VW=LIST&PIC=0,2021-11-14
386,Carmarthenshire,W1,,74,NOC,PC/IND,1,17,0,0,0,37,0,0,0,0,0,0,0,0,19,0,,W06000010,2016,2030,http://democracy.carmarthenshire.gov.wales/mgMemberIndex.aspx?FN=PARTY&VW=LIST&PIC=0,2021-11-01
387,Ceredigion,W1,,42,NOC,PC/IND,0,0,8,0,0,20,0,0,0,0,0,0,0,0,14,0,,W06000008,2016,2030,https://www.ceredigion.gov.uk/your-council/councillors-committees/councillors/,2020-06-25
388,Conwy,W1,,59,NOC,CON/IND,15,6,4,0,0,9,0,0,0,0,0,0,0,0,25,0,,W06000003,2016,2030,http://modgoveng.conwy.gov.uk/mgMemberIndex.aspx?FN=WARD&VW=LIST&PIC=0,2021-04-01
389,Denbighshire,W1,,47,NOC,CON/PC/IND,15,11,0,0,0,9,0,0,0,0,0,0,0,0,12,0,,W06000004,2016,2030,https://moderngov.denbighshire.gov.uk/mgMemberIndex.aspx?FN=PARTY&VW=LIST&PIC=0&LLL=0,2021-11-14
390,Flintshire,W1,,70,NOC,"LAB min",6,35,5,0,0,0,0,0,0,0,0,0,0,0,24,0,,W06000005,2016,2030,http://cyfarfodyddpwyllgor.siryfflint.gov.uk/mgMemberIndex.aspx?FN=GROUPING&VW=LIST&PIC=0&LLL=1,2021-10-17
391,Gwynedd,W1,,75,PC,PC,0,1,1,0,0,40,0,0,0,0,0,0,0,0,33,0,,W06000002,2016,2030,https://democracy.cyngor.gwynedd.gov.uk/mgMemberIndex.aspx?FN=PARTY&VW=LIST&PIC=0,2021-07-08
392,"Isle of Anglesey",W1,,30,NOC,PC/IND,0,2,1,0,0,14,0,0,0,0,0,0,0,0,13,0,,W06000001,2016,2030,http://democracy.anglesey.gov.uk/mgMemberIndex.aspx?FN=PARTY&VW=LIST&PIC=0&LLL=0,2021-06-12
393,"Merthyr Tydfil",W1,,33,IND,IND,0,15,0,0,0,0,0,0,0,0,0,0,0,0,17,1,,W06000024,2016,2030,http://democracy.merthyr.gov.uk/mgMemberIndex.aspx?VW=TABLE&PIC=1&FN=PARTY,2021-11-04
394,Monmouthshire,W1,,43,CON,CON,25,9,3,0,0,0,0,0,0,0,0,0,0,0,6,0,,W06000021,2016,2030,https://democracy.monmouthshire.gov.uk/mgMemberIndex.aspx?bcr=1,2021-04-04
395,"Neath Port Talbot",W1,,64,LAB,LAB,0,39,1,0,0,15,0,0,0,0,0,0,0,0,9,0,,W06000012,2016,2030,https://democracy.npt.gov.uk/mgMemberIndex.aspx?VW=TABLE&PIC=1&FN=PARTY,2021-07-08
396,Newport,W1,,50,LAB,LAB,13,29,2,0,0,0,0,0,0,0,0,0,0,0,5,1,,W06000022,2016,2030,https://democracy.newport.gov.uk/mgMemberIndex.aspx?FN=WARD&VW=LIST&PIC=0&LLL=0,2021-10-31
397,Pembrokeshire,W1,,60,NOC,IND/LAB/LD/PC,11,7,1,0,1,6,0,0,0,0,0,0,0,0,34,0,,W06000009,2016,2030,http://mgenglish.pembrokeshire.gov.uk/mgMemberIndex.aspx?bcr=1,2021-04-01
398,Powys,W1,,73,NOC,IND/CON,17,8,14,0,0,3,0,0,0,0,0,0,0,0,31,0,,W06000023,2016,2030,http://powys.moderngov.co.uk/mgMemberIndex.aspx?FN=PARTY&VW=LIST&PIC=0,2021-11-02
399,"Rhondda Cynon Taf",W1,,75,LAB,LAB,3,48,0,0,0,17,0,0,0,0,0,0,0,0,7,0,,W06000016,2016,2030,http://www.rctcbc.gov.uk/EN/Council/CouncillorsCommitteesandMeetings/Councillors/Councillors.aspx?CouncillorsListing_DisplayMode=Party,2021-07-30
400,Swansea,W1,,72,LAB,LAB,9,48,7,0,0,0,0,0,0,0,0,0,0,0,8,0,,W06000011,2016,2030,http://democracy.swansea.gov.uk/mgMemberIndex.aspx?bcr=1&LLL=0?Lang=eng,2021-06-12
401,Torfaen,W1,,44,LAB,LAB,4,27,0,0,0,0,0,0,0,0,0,0,0,0,12,1,,W06000020,2016,2030,http://moderngov.torfaen.gov.uk/mgMemberIndex.aspx?bcr=1,2021-06-12
402,"Vale of Glamorgan",W1,,47,NOC,LAB/IND,15,13,0,0,0,4,0,0,0,0,0,0,0,0,15,0,,W06000014,2016,2030,https://www.valeofglamorgan.gov.uk/en/our_council/Council-Structure/councillors/Councillors.aspx,2021-06-18
403,Wrexham,W1,,52,NOC,IND/CON,9,11,2,0,0,5,0,0,0,0,0,0,0,0,25,0,,W06000006,2016,2030,https://moderngov.wrexham.gov.uk/mgMemberIndex.aspx?FN=WARD&VW=LIST&PIC=0&LLL=0,2021-11-01
